{"timestamp": "2026-10-03T16:20:22.863987+00:00", "role": "resolve-repo", "task": "", "session_id": "", "status": "complete", "substrate": "workflow", "phase_label": "", "reply_chars": 38}
{"timestamp": "2026-10-03T16:20:30.024989+00:00", "role": "phase-cursor", "task": "", "session_id": "", "status": "complete", "substrate": "workflow", "phase_label": "Phase Cursor", "reply_chars": 15}
{"timestamp": "2026-10-03T16:21:03.450651+00:00", "role": "preflight-a1", "task": "", "session_id": "", "status": "complete", "substrate": "workflow", "phase_label": "P1 · Preflight", "reply_chars": 1138}
{"timestamp": "2026-10-03T16:21:17.186694+00:00", "role": "loadpy-SPEC-md-a1", "task": "", "session_id": "", "status": "complete", "substrate": "workflow", "phase_label": "P1 · Load Canonical Spec", "reply_chars": 2000}
{"timestamp": "2026-10-03T16:21:24.329715+00:00", "role": "legal-artifacts", "task": "", "session_id": "", "status": "complete", "substrate": "workflow", "phase_label": "P1 · Load Legal Artifacts", "reply_chars": 775}
{"timestamp": "2026-10-03T16:24:10.813266+00:00", "role": "a-srs-r1", "task": "", "session_id": "", "status": "complete", "substrate": "workflow", "phase_label": "P1 · Sub-Task 1/4 — SRS.md", "reply_chars": 910}
{"timestamp": "2026-10-03T16:24:26.681604+00:00", "role": "loadpy-01-requirements-SRS-md-a1", "task": "", "session_id": "", "status": "complete", "substrate": "workflow", "phase_label": "P1 · Sub-Task 1/4 — SRS.md", "reply_chars": 1874}
{"timestamp": "2026-10-03T16:24:54.551085+00:00", "role": "loadpy-srs_vs_spec_diff-json-a1", "task": "", "session_id": "", "status": "complete", "substrate": "workflow", "phase_label": "P1 · Sub-Task 1/4 — SRS.md", "reply_chars": 9269}
{"timestamp": "2026-10-03T16:25:13.599998+00:00", "role": "b-srs-r1", "task": "", "session_id": "", "status": "complete", "substrate": "workflow", "phase_label": "P1 · Sub-Task 1/4 — SRS.md", "reply_chars": 2082}
{"timestamp": "2026-10-03T16:25:35.886654+00:00", "role": "sbr-1-r1", "task": "", "session_id": "", "status": "complete", "substrate": "workflow", "phase_label": "P1 · B Review", "reply_chars": 5254}
{"timestamp": "2026-10-03T16:25:51.480501+00:00", "role": "a-srs-r2", "task": "", "session_id": "", "status": "complete", "substrate": "workflow", "phase_label": "P1 · Sub-Task 1/4 — SRS.md", "reply_chars": 561}
{"timestamp": "2026-10-03T16:26:06.830678+00:00", "role": "loadpy-01-requirements-SRS-md-a1", "task": "", "session_id": "", "status": "complete", "substrate": "workflow", "phase_label": "P1 · Sub-Task 1/4 — SRS.md", "reply_chars": 1873}
{"timestamp": "2026-10-03T16:26:34.805576+00:00", "role": "loadpy-srs_vs_spec_diff-json-a1", "task": "", "session_id": "", "status": "complete", "substrate": "workflow", "phase_label": "P1 · Sub-Task 1/4 — SRS.md", "reply_chars": 9269}
{"timestamp": "2026-10-03T16:26:59.998497+00:00", "role": "b-srs-r2", "task": "", "session_id": "", "status": "complete", "substrate": "workflow", "phase_label": "P1 · Sub-Task 1/4 — SRS.md", "reply_chars": 2036}
{"timestamp": "2026-10-03T16:27:23.240757+00:00", "role": "sbr-1-r2", "task": "", "session_id": "", "status": "complete", "substrate": "workflow", "phase_label": "P1 · B Review", "reply_chars": 5156}
{"timestamp": "2026-10-03T16:27:34.737022+00:00", "role": "a-srs-r3", "task": "", "session_id": "", "status": "complete", "substrate": "workflow", "phase_label": "P1 · Sub-Task 1/4 — SRS.md", "reply_chars": 689}
{"timestamp": "2026-10-03T16:27:49.241822+00:00", "role": "loadpy-01-requirements-SRS-md-a1", "task": "", "session_id": "", "status": "complete", "substrate": "workflow", "phase_label": "P1 · Sub-Task 1/4 — SRS.md", "reply_chars": 1874}
{"timestamp": "2026-10-03T16:28:17.458138+00:00", "role": "loadpy-srs_vs_spec_diff-json-a1", "task": "", "session_id": "", "status": "complete", "substrate": "workflow", "phase_label": "P1 · Sub-Task 1/4 — SRS.md", "reply_chars": 9401}
{"timestamp": "2026-10-03T16:28:40.520642+00:00", "role": "b-srs-r3", "task": "", "session_id": "", "status": "complete", "substrate": "workflow", "phase_label": "P1 · Sub-Task 1/4 — SRS.md", "reply_chars": 2032}
{"timestamp": "2026-10-03T16:29:03.431717+00:00", "role": "sbr-1-r3", "task": "", "session_id": "", "status": "complete", "substrate": "workflow", "phase_label": "P1 · B Review", "reply_chars": 5643}
{"timestamp": "2026-10-03T16:29:14.970526+00:00", "role": "a-srs-r4", "task": "", "session_id": "", "status": "complete", "substrate": "workflow", "phase_label": "P1 · Sub-Task 1/4 — SRS.md", "reply_chars": 440}
{"timestamp": "2026-10-03T16:29:29.799699+00:00", "role": "loadpy-01-requirements-SRS-md-a1", "task": "", "session_id": "", "status": "complete", "substrate": "workflow", "phase_label": "P1 · Sub-Task 1/4 — SRS.md", "reply_chars": 1874}
{"timestamp": "2026-10-03T16:29:59.216152+00:00", "role": "loadpy-srs_vs_spec_diff-json-a1", "task": "", "session_id": "", "status": "complete", "substrate": "workflow", "phase_label": "P1 · Sub-Task 1/4 — SRS.md", "reply_chars": 9401}
{"timestamp": "2026-10-03T16:30:27.229137+00:00", "role": "b-srs-r4", "task": "", "session_id": "", "status": "complete", "substrate": "workflow", "phase_label": "P1 · Sub-Task 1/4 — SRS.md", "reply_chars": 3089}
{"timestamp": "2026-10-03T16:30:53.880637+00:00", "role": "sbr-1-r4", "task": "", "session_id": "", "status": "complete", "substrate": "workflow", "phase_label": "P1 · B Review", "reply_chars": 6508}
{"timestamp": "2026-10-03T16:31:05.671550+00:00", "role": "a-srs-r5", "task": "", "session_id": "", "status": "complete", "substrate": "workflow", "phase_label": "P1 · Sub-Task 1/4 — SRS.md", "reply_chars": 628}
{"timestamp": "2026-10-03T16:31:20.771805+00:00", "role": "loadpy-01-requirements-SRS-md-a1", "task": "", "session_id": "", "status": "complete", "substrate": "workflow", "phase_label": "P1 · Sub-Task 1/4 — SRS.md", "reply_chars": 1873}
{"timestamp": "2026-10-03T16:31:50.026548+00:00", "role": "loadpy-srs_vs_spec_diff-json-a1", "task": "", "session_id": "", "status": "complete", "substrate": "workflow", "phase_label": "P1 · Sub-Task 1/4 — SRS.md", "reply_chars": 9401}
{"timestamp": "2026-10-03T16:32:09.898488+00:00", "role": "b-srs-r5", "task": "", "session_id": "", "status": "complete", "substrate": "workflow", "phase_label": "P1 · Sub-Task 1/4 — SRS.md", "reply_chars": 1707}
{"timestamp": "2026-10-03T16:32:31.554398+00:00", "role": "sbr-1-r5", "task": "", "session_id": "", "status": "complete", "substrate": "workflow", "phase_label": "P1 · B Review", "reply_chars": 5079}
{"timestamp": "2026-10-03T16:35:26.557315+00:00", "role": "resolve-repo", "task": "", "session_id": "", "status": "complete", "substrate": "workflow", "phase_label": "", "reply_chars": 38}
{"timestamp": "2026-10-03T16:35:32.709050+00:00", "role": "phase-cursor", "task": "", "session_id": "", "status": "complete", "substrate": "workflow", "phase_label": "Phase Cursor", "reply_chars": 15}
{"timestamp": "2026-10-03T16:36:01.541601+00:00", "role": "preflight-a1", "task": "", "session_id": "", "status": "complete", "substrate": "workflow", "phase_label": "P1 · Preflight", "reply_chars": 15}
{"timestamp": "2026-10-03T16:36:15.518736+00:00", "role": "loadpy-SPEC-md-a1", "task": "", "session_id": "", "status": "complete", "substrate": "workflow", "phase_label": "P1 · Load Canonical Spec", "reply_chars": 2000}
{"timestamp": "2026-10-03T16:36:23.699496+00:00", "role": "legal-artifacts", "task": "", "session_id": "", "status": "complete", "substrate": "workflow", "phase_label": "P1 · Load Legal Artifacts", "reply_chars": 775}
{"timestamp": "2026-10-03T16:36:43.149674+00:00", "role": "a-srs-r1", "task": "", "session_id": "", "status": "complete", "substrate": "workflow", "phase_label": "P1 · Sub-Task 1/4 — SRS.md", "reply_chars": 756}
{"timestamp": "2026-10-03T16:36:58.422281+00:00", "role": "loadpy-01-requirements-SRS-md-a1", "task": "", "session_id": "", "status": "complete", "substrate": "workflow", "phase_label": "P1 · Sub-Task 1/4 — SRS.md", "reply_chars": 1874}
{"timestamp": "2026-10-03T16:37:26.374907+00:00", "role": "loadpy-srs_vs_spec_diff-json-a1", "task": "", "session_id": "", "status": "complete", "substrate": "workflow", "phase_label": "P1 · Sub-Task 1/4 — SRS.md", "reply_chars": 9401}
{"timestamp": "2026-10-03T16:37:48.345652+00:00", "role": "b-srs-r1", "task": "", "session_id": "", "status": "complete", "substrate": "workflow", "phase_label": "P1 · Sub-Task 1/4 — SRS.md", "reply_chars": 2059}
{"timestamp": "2026-10-03T16:38:09.198166+00:00", "role": "sbr-1-r1", "task": "", "session_id": "", "status": "complete", "substrate": "workflow", "phase_label": "P1 · B Review", "reply_chars": 4903}
{"timestamp": "2026-10-03T16:38:21.787172+00:00", "role": "a-srs-r2", "task": "", "session_id": "", "status": "complete", "substrate": "workflow", "phase_label": "P1 · Sub-Task 1/4 — SRS.md", "reply_chars": 559}
{"timestamp": "2026-10-03T16:38:35.936638+00:00", "role": "loadpy-01-requirements-SRS-md-a1", "task": "", "session_id": "", "status": "complete", "substrate": "workflow", "phase_label": "P1 · Sub-Task 1/4 — SRS.md", "reply_chars": 1874}
{"timestamp": "2026-10-03T16:39:02.437617+00:00", "role": "loadpy-srs_vs_spec_diff-json-a1", "task": "", "session_id": "", "status": "complete", "substrate": "workflow", "phase_label": "P1 · Sub-Task 1/4 — SRS.md", "reply_chars": 9401}
{"timestamp": "2026-10-03T16:39:26.879258+00:00", "role": "b-srs-r2", "task": "", "session_id": "", "status": "complete", "substrate": "workflow", "phase_label": "P1 · Sub-Task 1/4 — SRS.md", "reply_chars": 2368}
{"timestamp": "2026-10-03T16:39:52.732752+00:00", "role": "sbr-1-r2", "task": "", "session_id": "", "status": "complete", "substrate": "workflow", "phase_label": "P1 · B Review", "reply_chars": 6335}
{"timestamp": "2026-10-03T16:40:02.473650+00:00", "role": "a-srs-r3", "task": "", "session_id": "", "status": "complete", "substrate": "workflow", "phase_label": "P1 · Sub-Task 1/4 — SRS.md", "reply_chars": 624}
{"timestamp": "2026-10-03T16:40:16.618613+00:00", "role": "loadpy-01-requirements-SRS-md-a1", "task": "", "session_id": "", "status": "complete", "substrate": "workflow", "phase_label": "P1 · Sub-Task 1/4 — SRS.md", "reply_chars": 1874}
{"timestamp": "2026-10-03T16:40:44.093835+00:00", "role": "loadpy-srs_vs_spec_diff-json-a1", "task": "", "session_id": "", "status": "complete", "substrate": "workflow", "phase_label": "P1 · Sub-Task 1/4 — SRS.md", "reply_chars": 9401}
{"timestamp": "2026-10-03T16:41:02.432442+00:00", "role": "b-srs-r3", "task": "", "session_id": "", "status": "complete", "substrate": "workflow", "phase_label": "P1 · Sub-Task 1/4 — SRS.md", "reply_chars": 1968}
{"timestamp": "2026-10-03T16:41:21.652491+00:00", "role": "sbr-1-r3", "task": "", "session_id": "", "status": "complete", "substrate": "workflow", "phase_label": "P1 · B Review", "reply_chars": 5246}
{"timestamp": "2026-10-03T16:41:31.461493+00:00", "role": "a-srs-r4", "task": "", "session_id": "", "status": "complete", "substrate": "workflow", "phase_label": "P1 · Sub-Task 1/4 — SRS.md", "reply_chars": 634}
{"timestamp": "2026-10-03T16:41:45.880240+00:00", "role": "loadpy-01-requirements-SRS-md-a1", "task": "", "session_id": "", "status": "complete", "substrate": "workflow", "phase_label": "P1 · Sub-Task 1/4 — SRS.md", "reply_chars": 1874}
{"timestamp": "2026-10-03T16:42:12.770664+00:00", "role": "loadpy-srs_vs_spec_diff-json-a1", "task": "", "session_id": "", "status": "complete", "substrate": "workflow", "phase_label": "P1 · Sub-Task 1/4 — SRS.md", "reply_chars": 9401}
{"timestamp": "2026-10-03T16:42:31.974239+00:00", "role": "b-srs-r4", "task": "", "session_id": "", "status": "complete", "substrate": "workflow", "phase_label": "P1 · Sub-Task 1/4 — SRS.md", "reply_chars": 1655}
{"timestamp": "2026-10-03T16:42:51.085729+00:00", "role": "sbr-1-r4", "task": "", "session_id": "", "status": "complete", "substrate": "workflow", "phase_label": "P1 · B Review", "reply_chars": 4488}
{"timestamp": "2026-10-03T16:43:00.869217+00:00", "role": "a-srs-r5", "task": "", "session_id": "", "status": "complete", "substrate": "workflow", "phase_label": "P1 · Sub-Task 1/4 — SRS.md", "reply_chars": 594}
{"timestamp": "2026-10-03T16:43:14.971975+00:00", "role": "loadpy-01-requirements-SRS-md-a1", "task": "", "session_id": "", "status": "complete", "substrate": "workflow", "phase_label": "P1 · Sub-Task 1/4 — SRS.md", "reply_chars": 1873}
{"timestamp": "2026-10-03T16:43:42.099779+00:00", "role": "loadpy-srs_vs_spec_diff-json-a1", "task": "", "session_id": "", "status": "complete", "substrate": "workflow", "phase_label": "P1 · Sub-Task 1/4 — SRS.md", "reply_chars": 9401}
{"timestamp": "2026-10-03T16:44:01.828383+00:00", "role": "b-srs-r5", "task": "", "session_id": "", "status": "complete", "substrate": "workflow", "phase_label": "P1 · Sub-Task 1/4 — SRS.md", "reply_chars": 2356}
{"timestamp": "2026-10-03T16:44:19.942199+00:00", "role": "sbr-1-r5", "task": "", "session_id": "", "status": "complete", "substrate": "workflow", "phase_label": "P1 · B Review", "reply_chars": 4995}
{"timestamp": "2026-10-03T17:21:09.898324+00:00", "role": "resolve-repo", "task": "", "session_id": "", "status": "complete", "substrate": "workflow", "phase_label": "", "reply_chars": 38}
{"timestamp": "2026-10-03T17:21:16.038489+00:00", "role": "phase-cursor", "task": "", "session_id": "", "status": "complete", "substrate": "workflow", "phase_label": "Phase Cursor", "reply_chars": 15}
{"timestamp": "2026-10-03T17:21:42.428597+00:00", "role": "preflight-a1", "task": "", "session_id": "", "status": "complete", "substrate": "workflow", "phase_label": "P1 · Preflight", "reply_chars": 960}
{"timestamp": "2026-10-03T17:21:56.692072+00:00", "role": "loadpy-SPEC-md-a1", "task": "", "session_id": "", "status": "complete", "substrate": "workflow", "phase_label": "P1 · Load Canonical Spec", "reply_chars": 2000}
{"timestamp": "2026-10-03T17:22:03.378341+00:00", "role": "legal-artifacts", "task": "", "session_id": "", "status": "complete", "substrate": "workflow", "phase_label": "P1 · Load Legal Artifacts", "reply_chars": 775}
{"timestamp": "2026-10-03T17:22:13.250590+00:00", "role": "a-srs-r1", "task": "", "session_id": "", "status": "complete", "substrate": "workflow", "phase_label": "P1 · Sub-Task 1/4 — SRS.md", "reply_chars": 629}
{"timestamp": "2026-10-03T17:22:27.174081+00:00", "role": "loadpy-01-requirements-SRS-md-a1", "task": "", "session_id": "", "status": "complete", "substrate": "workflow", "phase_label": "P1 · Sub-Task 1/4 — SRS.md", "reply_chars": 1873}
{"timestamp": "2026-10-03T17:22:55.100165+00:00", "role": "loadpy-srs_vs_spec_diff-json-a1", "task": "", "session_id": "", "status": "complete", "substrate": "workflow", "phase_label": "P1 · Sub-Task 1/4 — SRS.md", "reply_chars": 9401}
{"timestamp": "2026-10-03T17:23:13.155244+00:00", "role": "b-srs-r1", "task": "", "session_id": "", "status": "complete", "substrate": "workflow", "phase_label": "P1 · Sub-Task 1/4 — SRS.md", "reply_chars": 2127}
{"timestamp": "2026-10-03T17:23:31.896184+00:00", "role": "sbr-1-r1", "task": "", "session_id": "", "status": "complete", "substrate": "workflow", "phase_label": "P1 · B Review", "reply_chars": 4327}
{"timestamp": "2026-10-03T17:23:42.983053+00:00", "role": "persist-SRS.md-try1", "task": "", "session_id": "", "status": "complete", "substrate": "workflow", "phase_label": "P1 · Persist Approval", "reply_chars": 15}
{"timestamp": "2026-10-03T17:24:08.858677+00:00", "role": "a-spec-tracking-r1", "task": "", "session_id": "", "status": "complete", "substrate": "workflow", "phase_label": "P1 · Sub-Task 2/4 — SPEC_TRACKING.md", "reply_chars": 511}
{"timestamp": "2026-10-03T17:24:26.395114+00:00", "role": "loadpy-01-requirements-SPEC_TRACKING-md-a1", "task": "", "session_id": "", "status": "complete", "substrate": "workflow", "phase_label": "P1 · Sub-Task 2/4 — SPEC_TRACKING.md", "reply_chars": 4453}
{"timestamp": "2026-10-03T17:24:40.050031+00:00", "role": "b-spec-tracking-r1", "task": "", "session_id": "", "status": "complete", "substrate": "workflow", "phase_label": "P1 · Sub-Task 2/4 — SPEC_TRACKING.md", "reply_chars": 1589}
{"timestamp": "2026-10-03T17:24:55.889113+00:00", "role": "sbr-1-r1", "task": "", "session_id": "", "status": "complete", "substrate": "workflow", "phase_label": "P1 · B Review", "reply_chars": 3718}
{"timestamp": "2026-10-03T17:25:07.077986+00:00", "role": "persist-SPEC_TRACKING.md-try1", "task": "", "session_id": "", "status": "complete", "substrate": "workflow", "phase_label": "P1 · Persist Approval", "reply_chars": 15}
{"timestamp": "2026-10-03T17:26:28.762255+00:00", "role": "a-traceability-r1", "task": "", "session_id": "", "status": "complete", "substrate": "workflow", "phase_label": "P1 · Sub-Task 3/4 — TRACEABILITY_MATRIX.md", "reply_chars": 777}
{"timestamp": "2026-10-03T17:26:43.813739+00:00", "role": "loadpy-01-requirements-TRACEABILITY_MATRIX-md-a1", "task": "", "session_id": "", "status": "complete", "substrate": "workflow", "phase_label": "P1 · Sub-Task 3/4 — TRACEABILITY_MATRIX.md", "reply_chars": 2460}
{"timestamp": "2026-10-03T17:27:05.996140+00:00", "role": "b-traceability-r1", "task": "", "session_id": "", "status": "complete", "substrate": "workflow", "phase_label": "P1 · Sub-Task 3/4 — TRACEABILITY_MATRIX.md", "reply_chars": 2357}
{"timestamp": "2026-10-03T17:27:27.929206+00:00", "role": "sbr-1-r1", "task": "", "session_id": "", "status": "complete", "substrate": "workflow", "phase_label": "P1 · B Review", "reply_chars": 5598}
{"timestamp": "2026-10-03T17:27:40.327973+00:00", "role": "persist-TRACEABILITY_MATRIX.md-try1", "task": "", "session_id": "", "status": "complete", "substrate": "workflow", "phase_label": "P1 · Persist Approval", "reply_chars": 15}
{"timestamp": "2026-10-03T17:28:06.857675+00:00", "role": "a-test-inventory-r1", "task": "", "session_id": "", "status": "complete", "substrate": "workflow", "phase_label": "P1 · Sub-Task 4/4 — TEST_INVENTORY.yaml", "reply_chars": 569}
{"timestamp": "2026-10-03T17:29:00.118938+00:00", "role": "loadpy-TEST_INVENTORY-yaml-a1", "task": "", "session_id": "", "status": "complete", "substrate": "workflow", "phase_label": "P1 · Sub-Task 4/4 — TEST_INVENTORY.yaml", "reply_chars": 20728}
{"timestamp": "2026-10-03T17:29:19.879033+00:00", "role": "b-test-inventory-r1", "task": "", "session_id": "", "status": "complete", "substrate": "workflow", "phase_label": "P1 · Sub-Task 4/4 — TEST_INVENTORY.yaml", "reply_chars": 1838}
{"timestamp": "2026-10-03T17:29:35.845600+00:00", "role": "sbr-1-r1", "task": "", "session_id": "", "status": "complete", "substrate": "workflow", "phase_label": "P1 · B Review", "reply_chars": 3836}
{"timestamp": "2026-10-03T17:29:46.429920+00:00", "role": "persist-TEST_INVENTORY.yaml-try1", "task": "", "session_id": "", "status": "complete", "substrate": "workflow", "phase_label": "P1 · Persist Approval", "reply_chars": 15}
{"timestamp": "2026-10-03T17:29:52.012288+00:00", "role": "constitution-1", "task": "", "session_id": "", "status": "complete", "substrate": "workflow", "phase_label": "P1 · Constitution Check", "reply_chars": 18}
{"timestamp": "2026-10-03T17:30:05.878374+00:00", "role": "loadpy-01-requirements-SRS-md-a1", "task": "", "session_id": "", "status": "complete", "substrate": "workflow", "phase_label": "P1 · Peer Review", "reply_chars": 1874}
{"timestamp": "2026-10-03T17:30:23.038051+00:00", "role": "loadpy-01-requirements-SPEC_TRACKING-md-a1", "task": "", "session_id": "", "status": "complete", "substrate": "workflow", "phase_label": "P1 · Peer Review", "reply_chars": 4453}
{"timestamp": "2026-10-03T17:30:37.283943+00:00", "role": "loadpy-01-requirements-TRACEABILITY_MATRIX-md-a1", "task": "", "session_id": "", "status": "complete", "substrate": "workflow", "phase_label": "P1 · Peer Review", "reply_chars": 2461}
{"timestamp": "2026-10-03T17:31:30.434282+00:00", "role": "loadpy-TEST_INVENTORY-yaml-a1", "task": "", "session_id": "", "status": "complete", "substrate": "workflow", "phase_label": "P1 · Peer Review", "reply_chars": 20728}
{"timestamp": "2026-10-03T17:31:54.499562+00:00", "role": "peer-b-r1", "task": "", "session_id": "", "status": "complete", "substrate": "workflow", "phase_label": "P1 · Peer Review", "reply_chars": 2038}
{"timestamp": "2026-10-03T17:32:06.875668+00:00", "role": "sbr-1-r1", "task": "", "session_id": "", "status": "complete", "substrate": "workflow", "phase_label": "P1 · B Review", "reply_chars": 1312}
{"timestamp": "2026-10-03T17:32:18.521264+00:00", "role": "persist-SRS.md-try1", "task": "", "session_id": "", "status": "complete", "substrate": "workflow", "phase_label": "P1 · Persist Approval", "reply_chars": 15}
{"timestamp": "2026-10-03T17:32:31.877832+00:00", "role": "persist-SPEC_TRACKING.md-try1", "task": "", "session_id": "", "status": "complete", "substrate": "workflow", "phase_label": "P1 · Persist Approval", "reply_chars": 15}
{"timestamp": "2026-10-03T17:32:44.814484+00:00", "role": "persist-TRACEABILITY_MATRIX.md-try1", "task": "", "session_id": "", "status": "complete", "substrate": "workflow", "phase_label": "P1 · Persist Approval", "reply_chars": 15}
{"timestamp": "2026-10-03T17:32:57.164263+00:00", "role": "persist-TEST_INVENTORY.yaml-try1", "task": "", "session_id": "", "status": "complete", "substrate": "workflow", "phase_label": "P1 · Persist Approval", "reply_chars": 15}
{"timestamp": "2026-10-03T17:33:02.302115+00:00", "role": "forward-ref-check", "task": "", "session_id": "", "status": "complete", "substrate": "workflow", "phase_label": "P1 · Forward Ref Check", "reply_chars": 12}
{"timestamp": "2026-10-03T17:33:11.074428+00:00", "role": "preview-next-phase-r1", "task": "", "session_id": "", "status": "complete", "substrate": "workflow", "phase_label": "P1 · Preview Next-Phase", "reply_chars": 15}
{"timestamp": "2026-10-03T17:35:34.151996+00:00", "role": "push-1", "task": "", "session_id": "", "status": "complete", "substrate": "workflow", "phase_label": "P1 · Push", "reply_chars": 10}
{"timestamp": "2026-10-03T17:35:39.679953+00:00", "role": "stale-approvals-1", "task": "", "session_id": "", "status": "complete", "substrate": "workflow", "phase_label": "P1 · Advance", "reply_chars": 15}
{"timestamp": "2026-10-03T17:36:05.546806+00:00", "role": "advance", "task": "", "session_id": "", "status": "complete", "substrate": "workflow", "phase_label": "P1 · Advance", "reply_chars": 13}
{"timestamp": "2026-10-03T17:36:33.030557+00:00", "role": "preflight-1", "task": "", "session_id": "", "status": "complete", "substrate": "workflow", "phase_label": "P2 · Entry & Preflight", "reply_chars": 676}
{"timestamp": "2026-10-03T17:36:46.248939+00:00", "role": "loadpy-01-requirements-SRS-md-a1", "task": "", "session_id": "", "status": "complete", "substrate": "workflow", "phase_label": "P2 · Load Upstream", "reply_chars": 1874}
{"timestamp": "2026-10-03T17:37:12.248586+00:00", "role": "loadpy-harness-templates-SAD-md-a1", "task": "", "session_id": "", "status": "complete", "substrate": "workflow", "phase_label": "P2 · Load Upstream", "reply_chars": 10130}
{"timestamp": "2026-10-03T17:37:23.120541+00:00", "role": "loadpy-harness-templates-ADR-md-a1", "task": "", "session_id": "", "status": "complete", "substrate": "workflow", "phase_label": "P2 · Load Upstream", "reply_chars": 1161}
{"timestamp": "2026-10-03T17:39:24.160838+00:00", "role": "a-sad-r1", "task": "", "session_id": "", "status": "complete", "substrate": "workflow", "phase_label": "P2 · Sub-Task 1/3 — SAD.md", "reply_chars": 932}
{"timestamp": "2026-10-03T17:39:37.577214+00:00", "role": "loadpy-02-architecture-SAD-md-a1", "task": "", "session_id": "", "status": "complete", "substrate": "workflow", "phase_label": "P2 · Sub-Task 1/3 — SAD.md", "reply_chars": 1501}
{"timestamp": "2026-10-03T17:39:56.443678+00:00", "role": "b-sad-r1", "task": "", "session_id": "", "status": "complete", "substrate": "workflow", "phase_label": "P2 · Sub-Task 1/3 — SAD.md", "reply_chars": 1680}
{"timestamp": "2026-10-03T17:40:14.805370+00:00", "role": "sbr-2-r1", "task": "", "session_id": "", "status": "complete", "substrate": "workflow", "phase_label": "P2 · B Review", "reply_chars": 3455}
{"timestamp": "2026-10-03T17:40:24.963127+00:00", "role": "a-sad-r2", "task": "", "session_id": "", "status": "complete", "substrate": "workflow", "phase_label": "P2 · Sub-Task 1/3 — SAD.md", "reply_chars": 588}
{"timestamp": "2026-10-03T17:40:38.487425+00:00", "role": "loadpy-02-architecture-SAD-md-a1", "task": "", "session_id": "", "status": "complete", "substrate": "workflow", "phase_label": "P2 · Sub-Task 1/3 — SAD.md", "reply_chars": 1500}
{"timestamp": "2026-10-03T17:40:56.594403+00:00", "role": "b-sad-r2", "task": "", "session_id": "", "status": "complete", "substrate": "workflow", "phase_label": "P2 · Sub-Task 1/3 — SAD.md", "reply_chars": 2460}
{"timestamp": "2026-10-03T17:41:16.579851+00:00", "role": "sbr-2-r2", "task": "", "session_id": "", "status": "complete", "substrate": "workflow", "phase_label": "P2 · B Review", "reply_chars": 4953}
{"timestamp": "2026-10-03T17:41:28.749441+00:00", "role": "persist-SAD.md-try1", "task": "", "session_id": "", "status": "complete", "substrate": "workflow", "phase_label": "P2 · Persist Approval", "reply_chars": 15}
{"timestamp": "2026-10-03T17:42:15.669799+00:00", "role": "a-adr-r1", "task": "", "session_id": "", "status": "complete", "substrate": "workflow", "phase_label": "P2 · Sub-Task 2/3 — ADR.md", "reply_chars": 823}
{"timestamp": "2026-10-03T17:42:47.449088+00:00", "role": "loadpy-02-architecture-adr-ADR-md-a1", "task": "", "session_id": "", "status": "complete", "substrate": "workflow", "phase_label": "P2 · Sub-Task 2/3 — ADR.md", "reply_chars": 13172}
{"timestamp": "2026-10-03T17:42:59.800407+00:00", "role": "b-adr-r1", "task": "", "session_id": "", "status": "complete", "substrate": "workflow", "phase_label": "P2 · Sub-Task 2/3 — ADR.md", "reply_chars": 2009}
{"timestamp": "2026-10-03T17:43:20.535319+00:00", "role": "sbr-2-r1", "task": "", "session_id": "", "status": "complete", "substrate": "workflow", "phase_label": "P2 · B Review", "reply_chars": 4401}
{"timestamp": "2026-10-03T17:43:31.428025+00:00", "role": "persist-ADR.md-try1", "task": "", "session_id": "", "status": "complete", "substrate": "workflow", "phase_label": "P2 · Persist Approval", "reply_chars": 15}
{"timestamp": "2026-10-03T17:44:16.191606+00:00", "role": "constitution-adr", "task": "", "session_id": "", "status": "complete", "substrate": "workflow", "phase_label": "P2 · Constitution Check — ADR", "reply_chars": 1113}
{"timestamp": "2026-10-03T17:44:22.221456+00:00", "role": "aci-verify", "task": "", "session_id": "", "status": "complete", "substrate": "workflow", "phase_label": "P2 · Constitution Check — ADR", "reply_chars": 15}
{"timestamp": "2026-10-03T21:00:46.565122+00:00", "role": "aci-verify", "task": "", "session_id": "", "status": "complete", "substrate": "workflow", "phase_label": "P2 · Constitution Check — ADR", "reply_chars": 15}
{"timestamp": "2026-10-03T21:07:03.101008+00:00", "role": "a-test-spec-r1", "task": "", "session_id": "", "status": "complete", "substrate": "workflow", "phase_label": "P2 · Sub-Task 3/3 — TEST_SPEC.md", "reply_chars": 1891}
{"timestamp": "2026-10-03T21:07:17.023475+00:00", "role": "loadpy-02-architecture-TEST_SPEC-md-a1", "task": "", "session_id": "", "status": "complete", "substrate": "workflow", "phase_label": "P2 · Sub-Task 3/3 — TEST_SPEC.md", "reply_chars": 1685}
{"timestamp": "2026-10-03T21:07:38.452150+00:00", "role": "b-test-spec-r1", "task": "", "session_id": "", "status": "complete", "substrate": "workflow", "phase_label": "P2 · Sub-Task 3/3 — TEST_SPEC.md", "reply_chars": 3233}
{"timestamp": "2026-10-03T21:08:05.316411+00:00", "role": "sbr-2-r1", "task": "", "session_id": "", "status": "complete", "substrate": "workflow", "phase_label": "P2 · B Review", "reply_chars": 6825}
{"timestamp": "2026-10-03T21:08:18.656620+00:00", "role": "persist-TEST_SPEC.md-try1", "task": "", "session_id": "", "status": "complete", "substrate": "workflow", "phase_label": "P2 · Persist Approval", "reply_chars": 15}
{"timestamp": "2026-10-03T21:09:10.169211+00:00", "role": "sab-generation", "task": "", "session_id": "", "status": "complete", "substrate": "workflow", "phase_label": "P2 · SAB Generation", "reply_chars": 1678}
{"timestamp": "2026-10-03T21:10:27.565601+00:00", "role": "constitution-1", "task": "", "session_id": "", "status": "complete", "substrate": "workflow", "phase_label": "P2 · Constitution Check", "reply_chars": 1004}
{"timestamp": "2026-10-03T21:10:34.066061+00:00", "role": "aci-post-sab", "task": "", "session_id": "", "status": "complete", "substrate": "workflow", "phase_label": "P2 · Constitution Check", "reply_chars": 15}
{"timestamp": "2026-10-03T21:10:58.119800+00:00", "role": "peer-b-r1", "task": "", "session_id": "", "status": "complete", "substrate": "workflow", "phase_label": "P2 · Peer Review", "reply_chars": 2162}
{"timestamp": "2026-10-03T21:11:10.963939+00:00", "role": "sbr-2-r1", "task": "", "session_id": "", "status": "complete", "substrate": "workflow", "phase_label": "P2 · B Review", "reply_chars": 1704}
{"timestamp": "2026-10-03T21:11:21.502518+00:00", "role": "preview-next-phase-r1", "task": "", "session_id": "", "status": "complete", "substrate": "workflow", "phase_label": "P2 · Preview Next-Phase", "reply_chars": 15}
{"timestamp": "2026-10-03T21:11:45.307622+00:00", "role": "preview-fix-r1", "task": "", "session_id": "", "status": "complete", "substrate": "workflow", "phase_label": "P2 · Preview Next-Phase", "reply_chars": 395}
{"timestamp": "2026-10-03T21:11:54.312825+00:00", "role": "preview-next-phase-r2", "task": "", "session_id": "", "status": "complete", "substrate": "workflow", "phase_label": "P2 · Preview Next-Phase", "reply_chars": 15}
{"timestamp": "2026-10-03T21:14:05.729665+00:00", "role": "push-1", "task": "", "session_id": "", "status": "complete", "substrate": "workflow", "phase_label": "P2 · Push", "reply_chars": 307}
{"timestamp": "2026-10-03T21:14:11.114211+00:00", "role": "stale-approvals-1", "task": "", "session_id": "", "status": "complete", "substrate": "workflow", "phase_label": "P2 · Advance", "reply_chars": 15}
{"timestamp": "2026-10-03T21:14:30.371817+00:00", "role": "loadpy-02-architecture-SAD-md-a1", "task": "", "session_id": "", "status": "complete", "substrate": "workflow", "phase_label": "P2 · Advance", "reply_chars": 3804}
{"timestamp": "2026-10-03T21:14:51.046033+00:00", "role": "b-sad-final-r1", "task": "", "session_id": "", "status": "complete", "substrate": "workflow", "phase_label": "P2 · Advance", "reply_chars": 1760}
{"timestamp": "2026-10-03T21:15:08.967120+00:00", "role": "sbr-2-r1", "task": "", "session_id": "", "status": "complete", "substrate": "workflow", "phase_label": "P2 · B Review", "reply_chars": 3688}
{"timestamp": "2026-10-03T21:15:19.388856+00:00", "role": "persist-SAD.md-try1", "task": "", "session_id": "", "status": "complete", "substrate": "workflow", "phase_label": "P2 · Persist Approval", "reply_chars": 15}
{"timestamp": "2026-10-03T21:16:01.055728+00:00", "role": "loadpy-02-architecture-adr-ADR-md-a1", "task": "", "session_id": "", "status": "complete", "substrate": "workflow", "phase_label": "P2 · Advance", "reply_chars": 18454}
{"timestamp": "2026-10-03T21:16:22.601970+00:00", "role": "b-adr-final-r1", "task": "", "session_id": "", "status": "complete", "substrate": "workflow", "phase_label": "P2 · Advance", "reply_chars": 2616}
{"timestamp": "2026-10-03T21:16:56.286570+00:00", "role": "persist-ADR.md-try1", "task": "", "session_id": "", "status": "complete", "substrate": "workflow", "phase_label": "P2 · Persist Approval", "reply_chars": 15}
{"timestamp": "2026-10-03T21:17:01.715301+00:00", "role": "stale-approvals-2", "task": "", "session_id": "", "status": "complete", "substrate": "workflow", "phase_label": "P2 · Advance", "reply_chars": 15}
{"timestamp": "2026-10-03T21:17:14.516075+00:00", "role": "advance", "task": "", "session_id": "", "status": "complete", "substrate": "workflow", "phase_label": "P2 · Advance", "reply_chars": 1716}
{"timestamp": "2026-10-03T21:17:19.331971+00:00", "role": "stale-approvals-3", "task": "", "session_id": "", "status": "complete", "substrate": "workflow", "phase_label": "P2 · Advance", "reply_chars": 15}
{"timestamp": "2026-10-04T04:44:14.306111+00:00", "role": "resolve-repo", "task": "", "session_id": "", "status": "complete", "substrate": "workflow", "phase_label": "", "reply_chars": 38}
{"timestamp": "2026-10-04T04:44:20.444095+00:00", "role": "phase-cursor", "task": "", "session_id": "", "status": "complete", "substrate": "workflow", "phase_label": "Phase Cursor", "reply_chars": 15}
{"timestamp": "2026-10-04T04:52:14.323298+00:00", "role": "preflight-1", "task": "", "session_id": "", "status": "complete", "substrate": "workflow", "phase_label": "P2 · Entry & Preflight", "reply_chars": 877}
{"timestamp": "2026-10-04T04:52:28.196588+00:00", "role": "loadpy-01-requirements-SRS-md-a1", "task": "", "session_id": "", "status": "complete", "substrate": "workflow", "phase_label": "P2 · Load Upstream", "reply_chars": 1874}
{"timestamp": "2026-10-04T04:52:54.501004+00:00", "role": "loadpy-harness-templates-SAD-md-a1", "task": "", "session_id": "", "status": "complete", "substrate": "workflow", "phase_label": "P2 · Load Upstream", "reply_chars": 10130}
{"timestamp": "2026-10-04T04:53:05.973451+00:00", "role": "loadpy-harness-templates-ADR-md-a1", "task": "", "session_id": "", "status": "complete", "substrate": "workflow", "phase_label": "P2 · Load Upstream", "reply_chars": 1161}
{"timestamp": "2026-10-04T04:53:22.573562+00:00", "role": "a-sad-r1", "task": "", "session_id": "", "status": "complete", "substrate": "workflow", "phase_label": "P2 · Sub-Task 1/3 — SAD.md", "reply_chars": 705}
{"timestamp": "2026-10-04T04:53:37.011253+00:00", "role": "loadpy-02-architecture-SAD-md-a1", "task": "", "session_id": "", "status": "complete", "substrate": "workflow", "phase_label": "P2 · Sub-Task 1/3 — SAD.md", "reply_chars": 1811}
{"timestamp": "2026-10-04T04:53:56.726125+00:00", "role": "b-sad-r1", "task": "", "session_id": "", "status": "complete", "substrate": "workflow", "phase_label": "P2 · Sub-Task 1/3 — SAD.md", "reply_chars": 1901}
{"timestamp": "2026-10-04T04:54:22.201941+00:00", "role": "persist-SAD.md-try1", "task": "", "session_id": "", "status": "complete", "substrate": "workflow", "phase_label": "P2 · Persist Approval", "reply_chars": 15}
{"timestamp": "2026-10-04T04:54:41.830414+00:00", "role": "a-adr-r1", "task": "", "session_id": "", "status": "complete", "substrate": "workflow", "phase_label": "P2 · Sub-Task 2/3 — ADR.md", "reply_chars": 1124}
{"timestamp": "2026-10-04T04:55:32.917058+00:00", "role": "loadpy-02-architecture-adr-ADR-md-a1", "task": "", "session_id": "", "status": "complete", "substrate": "workflow", "phase_label": "P2 · Sub-Task 2/3 — ADR.md", "reply_chars": 18454}
{"timestamp": "2026-10-04T04:55:47.196748+00:00", "role": "b-adr-r1", "task": "", "session_id": "", "status": "complete", "substrate": "workflow", "phase_label": "P2 · Sub-Task 2/3 — ADR.md", "reply_chars": 1998}
{"timestamp": "2026-10-04T04:56:17.807031+00:00", "role": "persist-ADR.md-try1", "task": "", "session_id": "", "status": "complete", "substrate": "workflow", "phase_label": "P2 · Persist Approval", "reply_chars": 15}
{"timestamp": "2026-10-04T04:56:28.402681+00:00", "role": "constitution-adr", "task": "", "session_id": "", "status": "complete", "substrate": "workflow", "phase_label": "P2 · Constitution Check — ADR", "reply_chars": 520}
{"timestamp": "2026-10-04T04:56:34.831863+00:00", "role": "aci-verify", "task": "", "session_id": "", "status": "complete", "substrate": "workflow", "phase_label": "P2 · Constitution Check — ADR", "reply_chars": 15}
{"timestamp": "2026-10-04T04:56:50.343872+00:00", "role": "a-test-spec-r1", "task": "", "session_id": "", "status": "complete", "substrate": "workflow", "phase_label": "P2 · Sub-Task 3/3 — TEST_SPEC.md", "reply_chars": 704}
{"timestamp": "2026-10-04T04:57:05.912028+00:00", "role": "loadpy-02-architecture-TEST_SPEC-md-a1", "task": "", "session_id": "", "status": "complete", "substrate": "workflow", "phase_label": "P2 · Sub-Task 3/3 — TEST_SPEC.md", "reply_chars": 1686}
{"timestamp": "2026-10-04T04:57:30.390423+00:00", "role": "b-test-spec-r1", "task": "", "session_id": "", "status": "complete", "substrate": "workflow", "phase_label": "P2 · Sub-Task 3/3 — TEST_SPEC.md", "reply_chars": 2516}
{"timestamp": "2026-10-04T04:57:53.710079+00:00", "role": "sbr-2-r1", "task": "", "session_id": "", "status": "complete", "substrate": "workflow", "phase_label": "P2 · B Review", "reply_chars": 5309}
{"timestamp": "2026-10-04T04:58:06.657324+00:00", "role": "persist-TEST_SPEC.md-try1", "task": "", "session_id": "", "status": "complete", "substrate": "workflow", "phase_label": "P2 · Persist Approval", "reply_chars": 15}
{"timestamp": "2026-10-04T04:58:34.609597+00:00", "role": "sab-generation", "task": "", "session_id": "", "status": "complete", "substrate": "workflow", "phase_label": "P2 · SAB Generation", "reply_chars": 1131}
{"timestamp": "2026-10-04T04:58:40.942373+00:00", "role": "constitution-1", "task": "", "session_id": "", "status": "complete", "substrate": "workflow", "phase_label": "P2 · Constitution Check", "reply_chars": 441}
{"timestamp": "2026-10-04T04:58:48.345342+00:00", "role": "aci-post-sab", "task": "", "session_id": "", "status": "complete", "substrate": "workflow", "phase_label": "P2 · Constitution Check", "reply_chars": 15}
{"timestamp": "2026-10-04T04:59:16.361401+00:00", "role": "peer-b-r1", "task": "", "session_id": "", "status": "complete", "substrate": "workflow", "phase_label": "P2 · Peer Review", "reply_chars": 1880}
{"timestamp": "2026-10-04T04:59:28.279532+00:00", "role": "sbr-2-r1", "task": "", "session_id": "", "status": "complete", "substrate": "workflow", "phase_label": "P2 · B Review", "reply_chars": 1202}
{"timestamp": "2026-10-04T04:59:37.569416+00:00", "role": "preview-next-phase-r1", "task": "", "session_id": "", "status": "complete", "substrate": "workflow", "phase_label": "P2 · Preview Next-Phase", "reply_chars": 15}
{"timestamp": "2026-10-04T05:02:39.846158+00:00", "role": "push-1", "task": "", "session_id": "", "status": "complete", "substrate": "workflow", "phase_label": "P2 · Push", "reply_chars": 493}
{"timestamp": "2026-10-04T05:02:45.472562+00:00", "role": "stale-approvals-1", "task": "", "session_id": "", "status": "complete", "substrate": "workflow", "phase_label": "P2 · Advance", "reply_chars": 15}
{"timestamp": "2026-10-04T05:03:14.237510+00:00", "role": "preflight-probe", "task": "You are an unattended environment probe in a headless pipeline. There is NO human: never ask for permission or confirmation.\nRun these THREE commands via the Bash tool, in order, and paste each comman", "session_id": "8c152a44-2155-4e1f-8056-fe6eca4cb434", "status": "complete", "substrate": "python", "phase": 3, "fr_id": null, "regression_flags": {}, "error_output": "1.\npytest 8.4.2\n\n2.\nExit code 1\nOn branch main\nYour branch is ahead of 'origin/main' by 2 commits.\n  (use \"git push\" to publish your local commits)\n\nnothing to commit, working tree clean\n\n3.\nPREFLIGHT_SUBSTRATE_CANARY_OK", "exit_code": null, "duration_seconds": 6.707, "dispatch_attempt": 1, "total_cost_usd": 0.04892740000000001, "num_turns": 4, "duration_api_ms": 5212, "usage": {"input_tokens": 4, "output_tokens": 428, "cache_read_input_tokens": 19317, "cache_creation_input_tokens": 4561}}
{"timestamp": "2026-10-04T05:03:14.238297+00:00", "role": "preflight-probe", "task": "substrate preflight probe", "session_id": "", "status": "PREFLIGHT_OK", "substrate": "python", "phase": 3, "fr_id": null, "regression_flags": {}, "error_output": "pytest_ok=True git_ok=True canary_ok=True permission_mode=bypassPermissions setting_sources='' | 1.\npytest 8.4.2\n\n2.\nExit code 1\nOn branch main\nYour branch is ahead of 'origin/main' by 2 commits.\n  (use \"git push\" to publish your local commits)\n\nnothing to commit, working tree clean\n\n3.\nPREFLIGHT_SUBSTRATE_CANARY_OK", "exit_code": null}
{"timestamp": "2026-10-04T05:03:24.175529+00:00", "role": "advance", "task": "", "session_id": "", "status": "complete", "substrate": "workflow", "phase_label": "P2 · Advance", "reply_chars": 476}
{"timestamp": "2026-10-04T05:03:52.146100+00:00", "role": "preflight", "task": "", "session_id": "", "status": "complete", "substrate": "workflow", "phase_label": "P3 · Entry & Preflight", "reply_chars": 15}
{"timestamp": "2026-10-04T05:06:58.092770+00:00", "role": "env-check", "task": "", "session_id": "", "status": "complete", "substrate": "workflow", "phase_label": "P3 · Env Check", "reply_chars": 15}
{"timestamp": "2026-10-04T05:07:04.283193+00:00", "role": "ctx-regen-1", "task": "", "session_id": "", "status": "complete", "substrate": "workflow", "phase_label": "P3 · Load FRs", "reply_chars": 13}
{"timestamp": "2026-10-04T05:07:11.313907+00:00", "role": "load-ctx-a1", "task": "", "session_id": "", "status": "complete", "substrate": "workflow", "phase_label": "P3 · Load FRs", "reply_chars": 15}
{"timestamp": "2026-10-04T05:07:18.085303+00:00", "role": "gate1-precheck", "task": "", "session_id": "", "status": "complete", "substrate": "workflow", "phase_label": "P3 · Load FRs", "reply_chars": 15}
{"timestamp": "2026-10-04T05:08:44.261880+00:00", "role": "developer", "task": "You are a TDD developer. Your ONLY task: write failing pytest tests for FR-01.\n\n\n[TEST SPEC — match these EXACT names]\nTEST_SPEC.md at `02-architecture/TEST_SPEC.md` defines 16 test cases for FR-01. W", "session_id": "92e3200e-93c0-4551-aabd-49dc6aad34fb", "status": "complete", "substrate": "python", "phase": 3, "fr_id": "FR-01", "regression_flags": {}, "error_output": "```json\n{\"status\": \"DONE\", \"test_file\": \"03-development/tests/test_fr01.py\", \"commit\": \"deeb411\", \"summary\": \"16 RED FR-01 tests; collection fails\"}\n```\n\nAll 16 FR-01 tests are written, with names exactly as in TEST_SPEC. Running them stops at collection with `ModuleNotFoundError: No module named 'taskq_api'`, which is the expected RED state. The commit passed the pre-commit gate.\n\nThe tests assume some things the spec doesn't spell out. The GREEN step needs to provide them, or change the tests:", "exit_code": null, "duration_seconds": 83.247, "dispatch_attempt": 1, "total_cost_usd": 0.520922, "num_turns": 9, "duration_api_ms": 80040, "usage": {"input_tokens": 16, "output_tokens": 9414, "cache_read_input_tokens": 235490, "cache_creation_input_tokens": 35685}}
{"timestamp": "2026-10-04T05:13:34.213450+00:00", "role": "developer", "task": "You are a TDD developer. Your task: implement FR-01 until the failing test passes.\n\n[SAB — BINDING MODULE PATHS]\n`.methodology/SAB.json` assigns these modules to FR-01. Gate 1's Architecture Amendment", "session_id": "f04bca0a-77b3-44c2-bc1d-512babffe0ae", "status": "complete", "substrate": "python", "phase": 3, "fr_id": "FR-01", "regression_flags": {}, "error_output": "FR-01 is implemented and all 16 tests in `test_fr01.py` pass. It's committed as `ca4d921`, and the Phase 3 pre-commit check passed. All five SAB modules for FR-01 exist under the declared names, so no `amend-sab` was needed.\n\nThings you should know:\n- **No authentication or scope checks yet.** The task routes do not check `X-API-Key`, so the read/write/admin scopes in the FR-01 table are not enforced. The tests don't exercise 401/403, so I left this to FR-03/FR-04.\n- **SQLite query change.** SQL", "exit_code": null, "duration_seconds": 185.702, "dispatch_attempt": 1, "total_cost_usd": 0.9512462, "num_turns": 14, "duration_api_ms": 177756, "usage": {"input_tokens": 26, "output_tokens": 20745, "cache_read_input_tokens": 535971, "cache_creation_input_tokens": 53631}}
{"timestamp": "2026-10-04T05:14:32.305032+00:00", "role": "developer", "task": "You are a TDD refactorer. Your task: improve FR-01 WITHOUT breaking tests.\n\n[SAB — BINDING MODULE PATHS]\n`.methodology/SAB.json` assigns these modules to FR-01. Gate 1's Architecture Amendment Protoco", "session_id": "c3a1d953-f9ce-4367-8b0f-8fbe5be63091", "status": "complete", "substrate": "python", "phase": 3, "fr_id": "FR-01", "regression_flags": {}, "error_output": "All 16 tests passed before and after the refactor, and it's committed as 44bfdf0. GREEN had left nothing stubbed, so the changes are small:\n\n- **Name check:** a task name that is empty or longer than 255 characters (the width of the `name` column) now gets a 422 problem+json response. Before this, the database decided what happened. The tests don't exercise this case.\n- **Status typing:** the response's `status` field is now typed as the six allowed status values instead of any string, and new t", "exit_code": null, "duration_seconds": 38.458, "dispatch_attempt": 1, "total_cost_usd": 0.27725979999999995, "num_turns": 7, "duration_api_ms": 35110, "usage": {"input_tokens": 14, "output_tokens": 3224, "cache_read_input_tokens": 158339, "cache_creation_input_tokens": 22632}}
{"timestamp": "2026-10-04T05:14:51.007700+00:00", "role": "tool:amend-sab", "task": "amend-sab for taskq-open (deterministic tool)", "session_id": "", "status": "COMPLETED", "substrate": "python", "step": "AMEND-SAB", "tool_kind": "amend-sab", "outcome": "completed", "rc": 0, "src_dir": "03-development/src", "dry_run": false, "strict": false}
{"timestamp": "2026-10-04T05:15:35.291658+00:00", "role": "developer", "task": "You are a Gate 1 evaluator. Your task: run Gate 1 evaluation for FR-01.\n\n[FR REQUIREMENTS — what FR-01 was supposed to deliver]\n### FR-01: 任務資源 CRUD API\n\nCitation: SPEC L79-91.\n\n| Method | Path | scop", "session_id": "625ae228-4b99-40e1-9290-3c84bcc769c9", "status": "complete", "substrate": "python", "phase": 3, "fr_id": "FR-01", "regression_flags": {}, "error_output": "Gate 1 for FR-01 **failed**, with a score of 71.81 against a pass mark of 80, and finalize-gate printed `GATE 1 BLOCKED`. Three of the four checks are below their threshold of 100.\n\n| Check | Score | Result |\n|---|---|---|\n| linting (ruff) | 100 | All checks passed |\n| type_safety (pyright) | 90 | 2 errors, both in `taskq_api/api/error_handlers.py` at lines 55–56: the exception handlers don't match the `ExceptionHandler` type |\n| test_coverage | 97.24 | All 16 required tests exist and pass. Cove", "exit_code": null, "duration_seconds": 38.913, "dispatch_attempt": 1, "total_cost_usd": 0.1939248, "num_turns": 7, "duration_api_ms": 31710, "usage": {"input_tokens": 14, "output_tokens": 3501, "cache_read_input_tokens": 120044, "cache_creation_input_tokens": 12480}}
{"timestamp": "2026-10-04T05:16:33.034465+00:00", "role": "developer", "task": "You are a coverage fixer for FR-01.\n\n[FORBIDDEN — read first]\n- Deleting or xfail-marking existing tests\n- Adding `# pragma: no cover` to lines that CAN be tested (only use it as a last resort for gen", "session_id": "92e42782-258f-4ee2-8d44-ef2ec37d1a95", "status": "complete", "substrate": "python", "phase": 3, "fr_id": "FR-01", "regression_flags": {}, "error_output": "```json\n{\"status\": \"DONE\", \"coverage_pct\": 100, \"tests_added\": 4, \"pragmas_added\": 0, \"commit\": \"b1efc5f\", \"summary\": \"FR-01 coverage 97%→100%, no pragmas\"}\n```\n\nCoverage on the five FR-01 files went from 97% to 100%. All 20 tests pass and ruff is clean.\n\n- **Spec tests:** none were missing. All 16 tests in the FR-01 section of TEST_SPEC.md (lines 46–97) were already in `test_fr01.py`.\n- **Tests added:** 4, covering the only uncovered lines:\n  - `test_fr01_invalid_cursor_returns_422` covers `rep", "exit_code": null, "duration_seconds": 56.809, "retry_round": 1, "dispatch_attempt": 1, "total_cost_usd": 0.26996400000000004, "num_turns": 9, "duration_api_ms": 53223, "usage": {"input_tokens": 16, "output_tokens": 3004, "cache_read_input_tokens": 126180, "cache_creation_input_tokens": 23073}}
{"timestamp": "2026-10-04T05:17:43.149696+00:00", "role": "developer", "task": "You are a Gate 1 evaluator. Your task: run Gate 1 evaluation for FR-01.\n\n[FR REQUIREMENTS — what FR-01 was supposed to deliver]\n### FR-01: 任務資源 CRUD API\n\nCitation: SPEC L79-91.\n\n| Method | Path | scop", "session_id": "c4ecf8f3-dee6-4b52-a48b-5c58058c90c6", "status": "complete", "substrate": "python", "phase": 3, "fr_id": "FR-01", "regression_flags": {}, "error_output": "```json\n{\"status\": \"DONE\", \"gate_score\": 72.5, \"pass\": false, \"failing_dims\": [\"type_safety\", \"architecture_constraints\"], \"commit\": null, \"summary\": \"Gate1 FR-01 BLOCKED: arch contract broken\"}\n```\n\nGate 1 for FR-01 failed with a score of 72.5. I wrote `.sessi-work/gate1_result.json` and ran finalize-gate, which printed `[BLOCKED]`. I made no commit and did not change any source code.\n\n| Dimension | Score | Evidence |\n|---|---|---|\n| linting | 100 | ruff: \"All checks passed!\" |\n| type_safety | ", "exit_code": null, "duration_seconds": 70.042, "dispatch_attempt": 1, "total_cost_usd": 0.2889892, "num_turns": 11, "duration_api_ms": 55861, "usage": {"input_tokens": 22, "output_tokens": 5639, "cache_read_input_tokens": 212646, "cache_creation_input_tokens": 16699}}
{"timestamp": "2026-10-04T05:18:54.111562+00:00", "role": "developer", "task": "You are a code fixer. Gate 1 FAILED for FR-01. Fix the failing dimensions.\n\n[FORBIDDEN — read before anything else]\n- Modifying test files\n- app/infrastructure/ paths\n\n[FR REQUIREMENTS — the code you ", "session_id": "4fd79abe-f602-4e3c-84c9-8143a5887f50", "status": "complete", "substrate": "python", "phase": 3, "fr_id": "FR-01", "regression_flags": {}, "error_output": "Both failing checks pass now, and the fix is committed as `25f6549`. Pyright reports 0 errors (it found 2 before), `lint-imports` keeps all 3 contracts, ruff is clean, and all 20 tests in `test_fr01.py` pass. I didn't touch any test files or `app/infrastructure/`.\n\n- **type_safety:** `handle_domain_error` and `handle_request_validation` in `03-development/src/taskq_api/api/error_handlers.py` now take `exc: Exception`, which is what FastAPI's handler signature expects. The domain handler checks t", "exit_code": null, "duration_seconds": 70.187, "retry_round": 2, "dispatch_attempt": 1, "total_cost_usd": 0.32475380000000004, "num_turns": 18, "duration_api_ms": 53578, "usage": {"input_tokens": 28, "output_tokens": 5464, "cache_read_input_tokens": 297009, "cache_creation_input_tokens": 19495}}
{"timestamp": "2026-10-04T05:19:31.913628+00:00", "role": "developer", "task": "You are a Gate 1 evaluator. Your task: run Gate 1 evaluation for FR-01.\n\n[FR REQUIREMENTS — what FR-01 was supposed to deliver]\n### FR-01: 任務資源 CRUD API\n\nCitation: SPEC L79-91.\n\n| Method | Path | scop", "session_id": "d9dd1417-e6fb-4670-942c-4b3019b1f0d2", "status": "complete", "substrate": "python", "phase": 3, "fr_id": "FR-01", "regression_flags": {}, "error_output": "Gate 1 for FR-01 did not pass. All four dimension tools scored 100, but finalize-gate **BLOCKED** it because of a configuration mismatch, not the code. I did not edit any source or config files, as the stop rule requires.\n\n| Dimension | Tool result | Score |\n|---|---|---|\n| linting | ruff: \"All checks passed!\" | 100 |\n| type_safety | pyright: 0 errors across 22 files | 100 |\n| test_coverage | `test_fr01.py`: 20 passed, 0 failed, 0 skipped. Coverage of FR-01's five files is 100.0%, and all 16 req", "exit_code": null, "duration_seconds": 37.727, "dispatch_attempt": 1, "total_cost_usd": 0.18936, "num_turns": 6, "duration_api_ms": 30456, "usage": {"input_tokens": 12, "output_tokens": 3639, "cache_read_input_tokens": 98740, "cache_creation_input_tokens": 12098}}
{"timestamp": "2026-10-04T05:20:19.824299+00:00", "role": "developer", "task": "You are a Gate 1 evaluator. Your task: run Gate 1 evaluation for FR-01.\n\n[FR REQUIREMENTS — what FR-01 was supposed to deliver]\n### FR-01: 任務資源 CRUD API\n\nCitation: SPEC L79-91.\n\n| Method | Path | scop", "session_id": "c3b5d5db-c9f0-49d3-9704-6d1fb58796b7", "status": "complete", "substrate": "python", "phase": 3, "fr_id": "FR-01", "regression_flags": {}, "error_output": "Gate 1 for FR-01 is **BLOCKED** by finalize-gate, even though all four dimension tools scored 100. The cause is a mismatch between the import-linter config and the project's architecture declarations, not the FR-01 code. I didn't fix anything, as the stop rule says.\n\n| Dimension | Score | Tool result |\n|---|---|---|\n| linting | 100 | ruff: \"All checks passed!\" |\n| type_safety | 100 | pyright: 0 errors, 22 files analyzed |\n| test_coverage | 100 | 20 passed, 0 failed, 0 skipped; FR-01 files at 100", "exit_code": null, "duration_seconds": 32.595, "dispatch_attempt": 1, "total_cost_usd": 0.1382028, "num_turns": 5, "duration_api_ms": 25723, "usage": {"input_tokens": 10, "output_tokens": 3043, "cache_read_input_tokens": 86034, "cache_creation_input_tokens": 7512}}
{"timestamp": "2026-10-04T05:21:06.415781+00:00", "role": "developer", "task": "You are a code fixer. Gate 1 FAILED for FR-01. Fix the failing dimensions.\n\n[FORBIDDEN — read before anything else]\n- Modifying test files\n- app/infrastructure/ paths\n\n[FR REQUIREMENTS — the code you ", "session_id": "6bc6b599-81df-41d4-a9d7-06ba4c033ec1", "status": "complete", "substrate": "python", "phase": 3, "fr_id": "FR-01", "regression_flags": {}, "error_output": "I didn't change any code. The gate failed because two architecture declarations didn't match the import-linter config, so I fixed the declarations instead.\n\n- **Cause:** The previous fix had added `taskq_api.app` (the module that wires the app together) to two contracts in `.importlinter`, for `NFR-06-layers` and `NFR-06-no-sqlalchemy-outside-repository`. The architecture declarations in `.methodology/SAB.json` and `02-architecture/SAD.md` were never updated to match, so the gate found no exact ", "exit_code": null, "duration_seconds": 45.818, "retry_round": 1, "dispatch_attempt": 1, "total_cost_usd": 0.25007100000000004, "num_turns": 13, "duration_api_ms": 40987, "usage": {"input_tokens": 22, "output_tokens": 4119, "cache_read_input_tokens": 212895, "cache_creation_input_tokens": 15628}}
{"timestamp": "2026-10-04T05:21:41.192646+00:00", "role": "developer", "task": "You are a Gate 1 evaluator. Your task: run Gate 1 evaluation for FR-01.\n\n[FR REQUIREMENTS — what FR-01 was supposed to deliver]\n### FR-01: 任務資源 CRUD API\n\nCitation: SPEC L79-91.\n\n| Method | Path | scop", "session_id": "c530438c-3163-4ef2-a80b-40c9c0c2ad48", "status": "complete", "substrate": "python", "phase": 3, "fr_id": "FR-01", "regression_flags": {}, "error_output": "```json\n{\"status\": \"DONE\", \"gate_score\": 100.0, \"pass\": false, \"failing_dims\": [], \"commit\": null, \"summary\": \"Gate1 BLOCKED: arch_constraint_unconfigured\"}\n```\n\nFR-01 scored 100 on all four dimensions, but `finalize-gate` blocked the gate. It recorded a composite score of 0.0 and one open critical issue. The cause is the import-linter configuration, not the code. I did not change any source or config, because fixing that is CODE-FIX's job.\n\n**Dimension results** (`.sessi-work/gate1_result.json`", "exit_code": null, "duration_seconds": 34.7, "dispatch_attempt": 1, "total_cost_usd": 0.1750276, "num_turns": 5, "duration_api_ms": 27588, "usage": {"input_tokens": 10, "output_tokens": 3342, "cache_read_input_tokens": 78858, "cache_creation_input_tokens": 11547}}
{"timestamp": "2026-10-04T05:23:01.001136+00:00", "role": "developer", "task": "You are a code fixer. Gate 1 FAILED for FR-01. Fix the failing dimensions.\n\n[FORBIDDEN — read before anything else]\n- Modifying test files\n- app/infrastructure/ paths\n\n[FR REQUIREMENTS — the code you ", "session_id": "649374dc-deab-456a-8ac9-e461dbba9009", "status": "complete", "substrate": "python", "phase": 3, "fr_id": "FR-01", "regression_flags": {}, "error_output": "The task listed no failing dimensions, so I worked from `.methodology/last_block.md`. Gate 1 was blocked by `arch_constraint_unconfigured`. The last commit had added `taskq_api.app` to the two NFR-06 constraints in `SAB.json` and `SAD.md`. But the gate doesn't read constraints from `SAB.json`: it reads them from `.methodology/quality_manifest.json` (`harness_bridge.py:1915`). That file is a snapshot taken when the project moved from Phase 2 to Phase 3, so it still had the old lists and no longer", "exit_code": null, "duration_seconds": 79.03, "retry_round": 2, "dispatch_attempt": 1, "total_cost_usd": 0.3480789999999999, "num_turns": 19, "duration_api_ms": 75840, "usage": {"input_tokens": 38, "output_tokens": 5041, "cache_read_input_tokens": 422535, "cache_creation_input_tokens": 20325}}
{"timestamp": "2026-10-04T05:24:09.916435+00:00", "role": "developer", "task": "You are a Gate 1 evaluator. Your task: run Gate 1 evaluation for FR-01.\n\n[FR REQUIREMENTS — what FR-01 was supposed to deliver]\n### FR-01: 任務資源 CRUD API\n\nCitation: SPEC L79-91.\n\n| Method | Path | scop", "session_id": "01227c8f-2ecd-41c1-a76b-e94f3cb66283", "status": "complete", "substrate": "python", "phase": 3, "fr_id": "FR-01", "regression_flags": {}, "error_output": "FR-01 passed Gate 1 with a score of 100. finalize-gate committed the result as `2d8a7fe`.\n\n| Dimension | Score | Tool result |\n|---|---|---|\n| linting | 100 | ruff: \"All checks passed!\" |\n| type_safety | 100 | pyright: 0 errors across 22 files |\n| test_coverage | 100 | `test_fr01.py`: 20 passed, 0 failed, 0 skipped; 100% line coverage of the 5 FR-01 files (145 statements); all 16 required tests present and passing |\n| architecture_constraints | 100 | lint-imports: 3 contracts kept, 0 broken |\n\nT", "exit_code": null, "duration_seconds": 68.839, "dispatch_attempt": 1, "total_cost_usd": 0.2594346, "num_turns": 9, "duration_api_ms": 52493, "usage": {"input_tokens": 18, "output_tokens": 5043, "cache_read_input_tokens": 164393, "cache_creation_input_tokens": 15703}}
{"timestamp": "2026-10-04T05:24:58.073566+00:00", "role": "CRITERIA_REVIEWER", "task": "You are the CRITERIA REVIEWER for FR-01. You review ONE question, and you have Read and Bash tools to answer it.\n\nTHE REQUIREMENT — verbatim from SPEC.md, the document the project was asked to build. ", "session_id": "73c94914-95a7-49f7-8ff8-5b1480f8dd79", "status": "complete", "substrate": "python", "phase": 3, "fr_id": "FR-01", "regression_flags": {}, "error_output": "{\"review_status\":\"REJECT\",\"reason\":\"Most of FR-01 maps to assertions that would fail if the requirement broke: non-empty→422 test_fr01.py:250-252; ≤1000 chars test_fr01.py:352,364; blacklist→422 test_fr01.py:374-376; unknown id 404+problem+json test_fr01.py:266-268; GET returns all fields test_fr01.py:167; ?status filter + cursor test_fr01.py:193,211; no OFFSET in SQL test_fr01.py:295,305; default limit 50 test_fr01.py:320; 200 accepted test_fr01.py:332; 201→422 test_fr01.py:339; DELETE removes ", "exit_code": null, "duration_seconds": 29.564, "dispatch_attempt": 1, "total_cost_usd": 0.1685628, "num_turns": 3, "duration_api_ms": 28258, "usage": {"input_tokens": 6, "output_tokens": 2642, "cache_read_input_tokens": 44334, "cache_creation_input_tokens": 13354}}
{"timestamp": "2026-10-04T05:25:12.941229+00:00", "role": "tdd-FR-01", "task": "", "session_id": "", "status": "complete", "substrate": "workflow", "phase_label": "P3 · Per-FR TDD", "reply_chars": 15}
{"timestamp": "2026-10-04T05:25:18.978477+00:00", "role": "gate1-verify-FR-01", "task": "", "session_id": "", "status": "complete", "substrate": "workflow", "phase_label": "P3 · Per-FR TDD", "reply_chars": 15}
{"timestamp": "2026-10-04T05:27:25.771186+00:00", "role": "developer", "task": "You are a TDD developer. Your ONLY task: write failing pytest tests for FR-02.\n\n\n[TEST SPEC — match these EXACT names]\nTEST_SPEC.md at `02-architecture/TEST_SPEC.md` defines 11 test cases for FR-02. W", "session_id": "6b772937-c911-48cc-a286-c1abdf89df91", "status": "complete", "substrate": "python", "phase": 3, "fr_id": "FR-02", "regression_flags": {}, "error_output": "{\"status\": \"DONE\", \"test_file\": \"03-development/tests/test_fr02.py\", \"commit\": \"ea69941\", \"summary\": \"11 FR-02 RED tests; collection fails as expected\"}\n\n**Result:** I wrote all 11 TEST_SPEC tests under their exact names. Running pytest stops at collection with `ImportError: cannot import name 'routes_runs'`, which is the expected red state. The FR-01 tests still pass (20 passed).\n\n**What the GREEN step has to build:**\n- **Imports:** the tests import the four SAB modules directly (`api.routes_ru", "exit_code": null, "duration_seconds": 123.828, "dispatch_attempt": 1, "total_cost_usd": 0.6848571999999998, "num_turns": 11, "duration_api_ms": 119937, "usage": {"input_tokens": 20, "output_tokens": 14179, "cache_read_input_tokens": 320866, "cache_creation_input_tokens": 42128}}
{"timestamp": "2026-10-04T05:29:53.665632+00:00", "role": "developer", "task": "You are a TDD developer. Your task: implement FR-02 until the failing test passes.\n\n[SAB — BINDING MODULE PATHS]\n`.methodology/SAB.json` assigns these modules to FR-02. Gate 1's Architecture Amendment", "session_id": "9bbf0de4-ef5f-44d1-ae39-941e35165a94", "status": "complete", "substrate": "python", "phase": 3, "fr_id": "FR-02", "regression_flags": {}, "error_output": "FR-02 is implemented and all 11 tests in `test_fr02.py` pass. The full suite also passes (31 tests), and the commit is `cf644e8`.\n\n- **Module paths:** all four required SAB module paths now exist, so no `amend-sab` was needed. I also added `service/redact.py`, which is a declared SAB module (NFR-04), to blank out any output line that looks like a secret.\n- **Checks:** ruff is clean. Bandit reports one low-severity `assert` in FR-01's `error_handlers.py`, which was already there. I couldn't run i", "exit_code": null, "duration_seconds": 123.804, "dispatch_attempt": 1, "total_cost_usd": 0.728328, "num_turns": 12, "duration_api_ms": 116872, "usage": {"input_tokens": 24, "output_tokens": 13187, "cache_read_input_tokens": 460700, "cache_creation_input_tokens": 46544}}
{"timestamp": "2026-10-04T05:31:02.446443+00:00", "role": "developer", "task": "You are a TDD refactorer. Your task: improve FR-02 WITHOUT breaking tests.\n\n[SAB — BINDING MODULE PATHS]\n`.methodology/SAB.json` assigns these modules to FR-02. Gate 1's Architecture Amendment Protoco", "session_id": "9a2be18e-fe68-4a41-a736-8a8d4b671972", "status": "complete", "substrate": "python", "phase": 3, "fr_id": "FR-02", "regression_flags": {}, "error_output": "I refactored FR-02 and committed it as `b0bb7d7`. The 11 FR-02 tests passed before and after the change, and the full suite of 31 tests passes. Nothing in GREEN's code was a stand-in, so there was nothing to wire up.\n\n- **Bug fix in `service/runner.py`:** if a command couldn't start (missing program, empty string, or bad quoting), the run stayed in `running` forever and never got a result. It now ends as `failed` with no exit code, and the reason goes in `stderr_tail`. I checked this by running ", "exit_code": null, "duration_seconds": 43.665, "dispatch_attempt": 1, "total_cost_usd": 0.23205979999999998, "num_turns": 7, "duration_api_ms": 37641, "usage": {"input_tokens": 14, "output_tokens": 4237, "cache_read_input_tokens": 124999, "cache_creation_input_tokens": 15283}}
{"timestamp": "2026-10-04T05:31:22.830062+00:00", "role": "tool:amend-sab", "task": "amend-sab for taskq-open (deterministic tool)", "session_id": "", "status": "COMPLETED", "substrate": "python", "step": "AMEND-SAB", "tool_kind": "amend-sab", "outcome": "completed", "rc": 0, "src_dir": "03-development/src", "dry_run": false, "strict": false}
{"timestamp": "2026-10-04T05:32:51.937538+00:00", "role": "developer", "task": "You are a Gate 1 evaluator. Your task: run Gate 1 evaluation for FR-02.\n\n[FR REQUIREMENTS — what FR-02 was supposed to deliver]\n### FR-02: 任務執行端點\n\nCitation: SPEC L93-99.\n\n**Acceptance criteria (FR-02)", "session_id": "cdb94e60-bc86-410a-ba37-378cf7131aaa", "status": "complete", "substrate": "python", "phase": 3, "fr_id": "FR-02", "regression_flags": {}, "error_output": "FR-02 failed Gate 1: the score is 98.18, but two dimensions fall short of their 100 threshold. finalize-gate reports `GATE 1 BLOCKED fr=FR-02 phase=3 ... composite score : 98.2`.\n\n| Dimension | Score | What the tool showed |\n|---|---|---|\n| linting | 100 | ruff: \"All checks passed!\" |\n| type_safety | **95** | pyright found 1 error at `03-development/src/taskq_api/service/runs.py:52`: `uow.results.get(run_id)` returns `TaskResult \\| None`, but `record_outcome` only accepts a `TaskResult`. |\n| tes", "exit_code": null, "duration_seconds": 80.751, "dispatch_attempt": 1, "total_cost_usd": 0.2864896, "num_turns": 13, "duration_api_ms": 51648, "usage": {"input_tokens": 26, "output_tokens": 4497, "cache_read_input_tokens": 263908, "cache_creation_input_tokens": 17958}}
{"timestamp": "2026-10-04T05:33:24.000363+00:00", "role": "developer", "task": "You are a coverage fixer for FR-02.\n\n[FORBIDDEN — read first]\n- Deleting or xfail-marking existing tests\n- Adding `# pragma: no cover` to lines that CAN be tested (only use it as a last resort for gen", "session_id": "b8737ace-2c5a-43f7-9e7c-293823c7cd8a", "status": "complete", "substrate": "python", "phase": 3, "fr_id": "FR-02", "regression_flags": {}, "error_output": "FR-02 coverage on its four scoped files is now 100% (131 of 131 statements), up from 97.7%. I committed the change as `1ee5adb`.\n\n- **Cause of the failing gate:** neither suspected cause applied. All 11 FR-02 test functions from `TEST_SPEC.md` were already in the test file, and the evidence file shows FR-02 at 97.7%, well above the 80% threshold. So I couldn't confirm why the gate is failing. It may be stale evidence; the next gate run will show whether it now passes.\n- **What I added:** one tes", "exit_code": null, "duration_seconds": 30.016, "retry_round": 1, "dispatch_attempt": 1, "total_cost_usd": 0.2106548, "num_turns": 7, "duration_api_ms": 23933, "usage": {"input_tokens": 12, "output_tokens": 2226, "cache_read_input_tokens": 121754, "cache_creation_input_tokens": 17717}}
{"timestamp": "2026-10-04T05:34:08.604312+00:00", "role": "developer", "task": "You are a Gate 1 evaluator. Your task: run Gate 1 evaluation for FR-02.\n\n[FR REQUIREMENTS — what FR-02 was supposed to deliver]\n### FR-02: 任務執行端點\n\nCitation: SPEC L93-99.\n\n**Acceptance criteria (FR-02)", "session_id": "49988e83-a8c7-407b-902e-071839890843", "status": "complete", "substrate": "python", "phase": 3, "fr_id": "FR-02", "regression_flags": {}, "error_output": "**Gate 1 for FR-02 is blocked.** One type error drops type_safety to 95, below its required 100. The overall score is 98.75, and I wrote `.sessi-work/gate1_result.json` and ran finalize-gate.\n\n| Dimension | Score | Result |\n|---|---|---|\n| linting | 100 | `ruff` reports \"All checks passed!\" |\n| type_safety | 95 | `pyright` found 1 error |\n| test_coverage | 100 | 14 passed, 0 failed, 0 skipped. FR-02's 4 source files are 100% covered (131 statements, 0 missed). All 11 required tests exist. |\n| ar", "exit_code": null, "duration_seconds": 44.526, "dispatch_attempt": 1, "total_cost_usd": 0.18601099999999998, "num_turns": 6, "duration_api_ms": 29745, "usage": {"input_tokens": 12, "output_tokens": 3412, "cache_read_input_tokens": 98255, "cache_creation_input_tokens": 12259}}
{"timestamp": "2026-10-04T05:34:43.687235+00:00", "role": "developer", "task": "You are a code fixer. Gate 1 FAILED for FR-02. Fix the failing dimensions.\n\n[FORBIDDEN — read before anything else]\n- Modifying test files\n- app/infrastructure/ paths\n\n[FR REQUIREMENTS — the code you ", "session_id": "0436b574-ed83-4787-a52d-2714d8d28a8f", "status": "complete", "substrate": "python", "phase": 3, "fr_id": "FR-02", "regression_flags": {}, "error_output": "I fixed the one type error: pyright now reports 0 errors in `src/`, so type_safety should score 100. I committed the fix as `d758855`.\n\n- **The error:** at `03-development/src/taskq_api/service/runs.py:52`, `uow.results.get(run_id)` can return `TaskResult | None`, but `record_outcome` requires a `TaskResult`.\n- **The fix:** I added `assert result is not None` before the call. The run row is always created by `submit()` before `execute()` runs, so it can't really be missing. I used an assert rath", "exit_code": null, "duration_seconds": 33.002, "retry_round": 2, "dispatch_attempt": 1, "total_cost_usd": 0.137829, "num_turns": 9, "duration_api_ms": 28086, "usage": {"input_tokens": 16, "output_tokens": 2287, "cache_read_input_tokens": 120245, "cache_creation_input_tokens": 8497}}
{"timestamp": "2026-10-04T05:36:01.976114+00:00", "role": "developer", "task": "You are a Gate 1 evaluator. Your task: run Gate 1 evaluation for FR-02.\n\n[FR REQUIREMENTS — what FR-02 was supposed to deliver]\n### FR-02: 任務執行端點\n\nCitation: SPEC L93-99.\n\n**Acceptance criteria (FR-02)", "session_id": "553cad93-a79f-45f0-9ed5-4e13191b632d", "status": "complete", "substrate": "python", "phase": 3, "fr_id": "FR-02", "regression_flags": {}, "error_output": "FR-02 passed Gate 1 with a score of 100.0, and finalize-gate committed it as `10925b8`. One gap remains: neither run endpoint checks API-key scopes.\n\n| Dimension | Score | Evidence |\n|---|---|---|\n| linting | 100 | ruff: \"All checks passed!\" |\n| type_safety | 100 | pyright: 0 errors across 27 files |\n| test_coverage | 100 | 14 passed, 0 failed, 0 skipped; 100% line coverage of the 4 FR-02 source files (133 statements); all 11 required tests present |\n| architecture_constraints | 100 | lint-impor", "exit_code": null, "duration_seconds": 78.213, "dispatch_attempt": 1, "total_cost_usd": 0.29466420000000004, "num_turns": 12, "duration_api_ms": 53885, "usage": {"input_tokens": 24, "output_tokens": 5254, "cache_read_input_tokens": 245321, "cache_creation_input_tokens": 17553}}
{"timestamp": "2026-10-04T05:36:59.258393+00:00", "role": "CRITERIA_REVIEWER", "task": "You are the CRITERIA REVIEWER for FR-02. You review ONE question, and you have Read and Bash tools to answer it.\n\nTHE REQUIREMENT — verbatim from SPEC.md, the document the project was asked to build. ", "session_id": "c8632844-b970-46af-b00a-43a0105c79ba", "status": "complete", "substrate": "python", "phase": 3, "fr_id": "FR-02", "regression_flags": {}, "error_output": "{\"review_status\":\"REJECT\",\"reason\":\"Most of FR-02 is backed by assertions that would fail if it were broken: 202 plus run_id (test_fr02.py:182-185), exec with shlex.split and no shell (226-231), the pending→running→done/failed/timeout state machine (243, 254, 267), the task_results columns and values (321-328) and newest-first history (373). Two requirements have no failing assertion. (1) TASKQ_TASK_TIMEOUT: the test sets 0.5s against sleep 30 and only checks status=='timeout' and elapsed<10 (22", "exit_code": null, "duration_seconds": 26.68, "dispatch_attempt": 1, "total_cost_usd": 0.1471458, "num_turns": 3, "duration_api_ms": 25341, "usage": {"input_tokens": 6, "output_tokens": 1892, "cache_read_input_tokens": 43609, "cache_creation_input_tokens": 12570}}
{"timestamp": "2026-10-04T05:37:49.037639+00:00", "role": "CRITERIA_REVIEWER", "task": "You are the CRITERIA REVIEWER for FR-02. You review ONE question, and you have Read and Bash tools to answer it.\n\nTHE REQUIREMENT — verbatim from SPEC.md, the document the project was asked to build. ", "session_id": "fa693039-5c12-4dfa-ae44-4598be44c2f7", "status": "complete", "substrate": "python", "phase": 3, "fr_id": "FR-02", "regression_flags": {}, "error_output": "{\"review_status\":\"REJECT\",\"reason\":\"Most of FR-02 has an assertion that would fail if it broke. 202 + run_id: test_fr02.py:182,184-185,190. exec-not-shell + shlex.split argv: :226,228,231. TASKQ_TASK_TIMEOUT honoured: :244-245. State machine done/failed/timeout: :256,267,280. task_results columns and values: :334,337-339,341. Runs listed newest first: :386. The gap is the scope rule. SPEC.md:95 says POST /v1/tasks/{id}/run needs scope `write`, but every POST in the test file sends the write key ", "exit_code": null, "duration_seconds": 24.949, "dispatch_attempt": 1, "total_cost_usd": 0.1446748, "num_turns": 3, "duration_api_ms": 23671, "usage": {"input_tokens": 6, "output_tokens": 1682, "cache_read_input_tokens": 44014, "cache_creation_input_tokens": 12776}}
{"timestamp": "2026-10-04T05:39:50.669476+00:00", "role": "CRITERIA_REVIEWER", "task": "You are the CRITERIA REVIEWER for FR-02. You review ONE question, and you have Read and Bash tools to answer it.\n\nTHE REQUIREMENT — verbatim from SPEC.md, the document the project was asked to build. ", "session_id": "3538d115-3bea-43cd-98d9-f6a6fa478491", "status": "complete", "substrate": "python", "phase": 3, "fr_id": "FR-02", "regression_flags": {}, "error_output": "{\"review_status\":\"REJECT\",\"reason\":\"Most of FR-02 maps to assertions that fail when the requirement is broken: 202 + run_id -> test_fr02.py:182-185; exec via shlex.split with no shell -> :226, :228, :231 and T-06 :399; TASKQ_TASK_TIMEOUT honoured -> :233, :244-245; state machine pending->running->done|failed|timeout -> :257, :268, :281, :309; task_results columns and values -> :331, :334-338; GET /runs newest first -> :383. The scope part (SPEC.md:95, :99) has no assertion. No test sends a POST ", "exit_code": null, "duration_seconds": 20.505, "dispatch_attempt": 1, "total_cost_usd": 0.1494814, "num_turns": 3, "duration_api_ms": 19106, "usage": {"input_tokens": 6, "output_tokens": 1861, "cache_read_input_tokens": 44027, "cache_creation_input_tokens": 12929}}
{"timestamp": "2026-10-04T05:39:59.468589+00:00", "role": "tdd-FR-02", "task": "", "session_id": "", "status": "complete", "substrate": "workflow", "phase_label": "P3 · Per-FR TDD", "reply_chars": 15}
{"timestamp": "2026-10-04T05:40:05.457060+00:00", "role": "gate1-verify-FR-02", "task": "", "session_id": "", "status": "complete", "substrate": "workflow", "phase_label": "P3 · Per-FR TDD", "reply_chars": 15}
{"timestamp": "2026-10-04T05:41:22.957436+00:00", "role": "developer", "task": "You are a TDD developer. Your ONLY task: write failing pytest tests for FR-03.\n\n\n[TEST SPEC — match these EXACT names]\nTEST_SPEC.md at `02-architecture/TEST_SPEC.md` defines 8 test cases for FR-03. Wr", "session_id": "7001d13f-9de4-4653-85c1-4413dd776b20", "status": "complete", "substrate": "python", "phase": 3, "fr_id": "FR-03", "regression_flags": {}, "error_output": "I wrote the 8 FR-03 tests and committed them as `57193b9`. They are in the expected RED state: pytest stops at collection with `ImportError: cannot import name 'cli' from 'taskq_api'`, because the source modules don't exist yet.\n\n- **Names:** all 8 functions match `TEST_SPEC.md` exactly, and each sub-assertion carries its `rule_id` comment.\n- **Modules the tests need:** they import only modules the SAB assigns to FR-03, namely `taskq_api.cli` and `taskq_api.service.auth`. The tests also check th", "exit_code": null, "duration_seconds": 74.527, "dispatch_attempt": 1, "total_cost_usd": 0.43804199999999993, "num_turns": 8, "duration_api_ms": 71794, "usage": {"input_tokens": 16, "output_tokens": 7131, "cache_read_input_tokens": 225150, "cache_creation_input_tokens": 31291}}
{"timestamp": "2026-10-04T05:43:42.316174+00:00", "role": "developer", "task": "You are a TDD developer. Your task: implement FR-03 until the failing test passes.\n\n[SAB — BINDING MODULE PATHS]\n`.methodology/SAB.json` assigns these modules to FR-03. Gate 1's Architecture Amendment", "session_id": "", "status": "ERROR", "substrate": "python", "phase": 3, "fr_id": "FR-03", "regression_flags": {}, "error_output": "Commit-required step 'TDD-GREEN' returned empty commit (status='READY')\n\nFR-03 is in place and all 8 of its tests pass. The full suite passes too (41 tests, FR-01 and FR-02 included), ruff reports no problems and all 3 import-linter contracts hold. It's committed as `760d24b`.\n\n```json\n{\"status\": \"DONE\", \"files_changed\": [\"03-development/src/taskq_api/service/auth.py\", \"03-development/src/taskq_api/repository/api_keys.py\", \"03-development/src/taskq_api/cli.py\", \"03-development/src/taskq_api/__ma", "exit_code": 0, "error_class": "EXECUTION_ERROR", "duration_seconds": 94.501, "dispatch_attempt": 1, "inner_status": "READY", "transport_error": "", "total_cost_usd": 0.534177, "num_turns": 13, "duration_api_ms": 83118, "usage": {"input_tokens": 22, "output_tokens": 8210, "cache_read_input_tokens": 356685, "cache_creation_input_tokens": 37319}}
{"timestamp": "2026-10-04T05:44:03.079882+00:00", "role": "developer", "task": "You are a TDD developer. Your task: implement FR-03 until the failing test passes.\n\n[SAB — BINDING MODULE PATHS]\n`.methodology/SAB.json` assigns these modules to FR-03. Gate 1's Architecture Amendment", "session_id": "3cd28bb3-6de9-4d0e-8743-6165fbedbe70", "status": "complete", "substrate": "python", "phase": 3, "fr_id": "FR-03", "regression_flags": {}, "error_output": "FR-03 was already implemented and committed before this run, so I didn't write any code or make a new commit. `git add 03-development/src/` had nothing to stage. Commit `760d24b` (\"feat(FR-03): GREEN\") already contains the work.\n\n- `python3 -m pytest 03-development/tests/test_fr03.py -q` gives **8 passed**, and the full suite under `03-development/tests` gives **41 passed**.\n- All three modules that `SAB.json` assigns to FR-03 exist on disk: `service/auth.py`, `repository/api_keys.py` and `cli.p", "exit_code": null, "duration_seconds": 20.69, "dispatch_attempt": 1, "total_cost_usd": 0.14320480000000002, "num_turns": 4, "duration_api_ms": 13953, "usage": {"input_tokens": 8, "output_tokens": 1324, "cache_read_input_tokens": 68384, "cache_creation_input_tokens": 12877}}
{"timestamp": "2026-10-04T05:44:46.462705+00:00", "role": "developer", "task": "You are a TDD refactorer. Your task: improve FR-03 WITHOUT breaking tests.\n\n[SAB — BINDING MODULE PATHS]\n`.methodology/SAB.json` assigns these modules to FR-03. Gate 1's Architecture Amendment Protoco", "session_id": "f833d87b-8afe-4fba-a57d-9e74a6ad54af", "status": "complete", "substrate": "python", "phase": 3, "fr_id": "FR-03", "regression_flags": {}, "error_output": "The FR-03 refactor is committed as `1f92522`. All 8 FR-03 tests passed before and after the change, and the full suite still passes (41 tests). The pre-commit gate passed.\n\nGREEN left nothing to replace: keys are stored in the real `api_keys` table, the CLI writes to the database named by `TASKQ_DB_URL`, and the comparison uses `hmac.compare_digest`. All three SAB module paths are unchanged.\n\nThe only file changed is `03-development/src/taskq_api/service/auth.py`:\n- The long \"invalid key\" condit", "exit_code": null, "duration_seconds": 31.216, "dispatch_attempt": 1, "total_cost_usd": 0.15913439999999998, "num_turns": 6, "duration_api_ms": 23227, "usage": {"input_tokens": 10, "output_tokens": 1945, "cache_read_input_tokens": 81212, "cache_creation_input_tokens": 12994}}
{"timestamp": "2026-10-04T05:45:14.728216+00:00", "role": "tool:amend-sab", "task": "amend-sab for taskq-open (deterministic tool)", "session_id": "", "status": "COMPLETED", "substrate": "python", "step": "AMEND-SAB", "tool_kind": "amend-sab", "outcome": "completed", "rc": 0, "src_dir": "03-development/src", "dry_run": false, "strict": false}
{"timestamp": "2026-10-04T05:45:32.529983+00:00", "role": "developer", "task": "You are a Gate 1 evaluator. Your task: run Gate 1 evaluation for FR-03.\n\n[FR REQUIREMENTS — what FR-03 was supposed to deliver]\n### FR-03: API Key 認證\n\nCitation: SPEC L101-107.\n\n**Acceptance criteria (", "session_id": "", "status": "ERROR", "substrate": "python", "phase": 3, "fr_id": "FR-03", "regression_flags": {}, "error_output": "Sub-agent reported inner status 'INFRA_BLOCKED': the step could not run because a precondition failed. Verbatim sub-agent reply follows — it carries the [BLOCKED] diagnostic the prompt asked it to quote.\n\nrun-gate stopped with a precondition error before any dimension tool ran. Following the STOP RULE, I did not write `gate1_result.json`, record any scores, or run finalize-gate.\n\n```json\n{\"status\": \"INFRA_BLOCKED\", \"gate_score\": null, \"pass\": false, \"failing_dims\": [], \"commit\": null, \"summary\":", "exit_code": 0, "error_class": "INFRA", "duration_seconds": 10.679, "dispatch_attempt": 1, "inner_status": "INFRA_BLOCKED", "transport_error": "", "total_cost_usd": 0.0569116, "num_turns": 2, "duration_api_ms": 8240, "usage": {"input_tokens": 4, "output_tokens": 610, "cache_read_input_tokens": 23838, "cache_creation_input_tokens": 4991}}
{"timestamp": "2026-10-04T05:45:45.848562+00:00", "role": "tdd-FR-03", "task": "", "session_id": "", "status": "complete", "substrate": "workflow", "phase_label": "P3 · Per-FR TDD", "reply_chars": 15}
{"timestamp": "2026-10-04T05:45:59.218484+00:00", "role": "developer", "task": "You are a TDD developer. Your ONLY task: write failing pytest tests for FR-04.\n\n\n[TEST SPEC — match these EXACT names]\nTEST_SPEC.md at `02-architecture/TEST_SPEC.md` defines 7 test cases for FR-04. Wr", "session_id": "", "status": "ERROR", "substrate": "python", "phase": 3, "fr_id": "FR-04", "regression_flags": {}, "error_output": "subtype=success You've hit your session limit · resets 4:20pm (Asia/Taipei)", "exit_code": 1, "error_class": "INFRA_ERROR", "duration_seconds": 9.901, "dispatch_attempt": 1, "transport_error": "subtype=success You've hit your session limit · resets 4:20pm (Asia/Taipei)", "total_cost_usd": 0.0855644, "num_turns": 4, "duration_api_ms": 7975, "usage": {"input_tokens": 4, "output_tokens": 567, "cache_read_input_tokens": 24922, "cache_creation_input_tokens": 8653}}
{"timestamp": "2026-10-04T05:46:01.399144+00:00", "role": "developer", "task": "You are a TDD developer. Your ONLY task: write failing pytest tests for FR-04.\n\n\n[TEST SPEC — match these EXACT names]\nTEST_SPEC.md at `02-architecture/TEST_SPEC.md` defines 7 test cases for FR-04. Wr", "session_id": "", "status": "ERROR", "substrate": "python", "phase": 3, "fr_id": "FR-04", "regression_flags": {}, "error_output": "subtype=success You've hit your session limit · resets 4:20pm (Asia/Taipei)", "exit_code": 1, "error_class": "INFRA_ERROR", "duration_seconds": 2.102, "dispatch_attempt": 1, "transport_error": "subtype=success You've hit your session limit · resets 4:20pm (Asia/Taipei)", "total_cost_usd": 0, "num_turns": 1, "duration_api_ms": 0, "usage": {"input_tokens": 0, "output_tokens": 0, "cache_read_input_tokens": 0, "cache_creation_input_tokens": 0}}
{"timestamp": "2026-10-04T08:21:00.351248+00:00", "role": "tdd-FR-03", "task": "", "session_id": "", "status": "complete", "substrate": "workflow", "phase_label": "P3 · Per-FR TDD", "reply_chars": 15}
{"timestamp": "2026-10-04T08:21:15.224888+00:00", "role": "tdd-FR-04", "task": "", "session_id": "", "status": "complete", "substrate": "workflow", "phase_label": "P3 · Per-FR TDD", "reply_chars": 15}
{"timestamp": "2026-10-04T08:23:08.644340+00:00", "role": "developer", "task": "You are a TDD developer. Your ONLY task: write failing pytest tests for FR-05.\n\n\n[TEST SPEC — match these EXACT names]\nTEST_SPEC.md at `02-architecture/TEST_SPEC.md` defines 7 test cases for FR-05. Wr", "session_id": "94f71fc7-61b5-42cf-b545-703ca7d3cfb4", "status": "complete", "substrate": "python", "phase": 3, "fr_id": "FR-05", "regression_flags": {}, "error_output": "```json\n{\"status\": \"DONE\", \"test_file\": \"03-development/tests/test_fr05.py\", \"commit\": \"a4e0c52\", \"summary\": \"7 FR-05 RED tests; collection fails\"}\n```\n\nAll 7 tests use the exact TEST_SPEC names. Pytest stops while loading the file because `taskq_api.repository.rate_buckets` doesn't exist yet (`ImportError`). That is the expected RED state. Each test only imports modules that SAB.json assigns to FR-05.\n\nWhat the tests require the GREEN step to build:\n- **`taskq_api.service.ratelimit.consume(uow,", "exit_code": null, "duration_seconds": 110.133, "dispatch_attempt": 1, "total_cost_usd": 0.6745768000000001, "num_turns": 12, "duration_api_ms": 106752, "usage": {"input_tokens": 22, "output_tokens": 12301, "cache_read_input_tokens": 366864, "cache_creation_input_tokens": 44387}}
{"timestamp": "2026-10-04T08:26:17.400715+00:00", "role": "developer", "task": "You are a TDD developer. Your task: implement FR-05 until the failing test passes.\n\n[SAB — BINDING MODULE PATHS]\n`.methodology/SAB.json` assigns these modules to FR-05. Gate 1's Architecture Amendment", "session_id": "a8f78d2e-3bc4-45a0-a1e8-5d0797acef66", "status": "complete", "substrate": "python", "phase": 3, "fr_id": "FR-05", "regression_flags": {}, "error_output": "```json\n{\"status\": \"DONE\", \"files_changed\": [\"03-development/src/taskq_api/models/rate_bucket.py\", \"03-development/src/taskq_api/repository/rate_buckets.py\", \"03-development/src/taskq_api/service/ratelimit.py\", \"03-development/src/taskq_api/models/__init__.py\", \"03-development/src/taskq_api/repository/session.py\", \"03-development/src/taskq_api/config.py\", \"03-development/src/taskq_api/errors.py\", \"03-development/src/taskq_api/api/error_handlers.py\", \"03-development/src/taskq_api/api/deps.py\", \"0", "exit_code": null, "duration_seconds": 142.583, "dispatch_attempt": 1, "total_cost_usd": 0.6570886, "num_turns": 10, "duration_api_ms": 121053, "usage": {"input_tokens": 20, "output_tokens": 14405, "cache_read_input_tokens": 327063, "cache_creation_input_tokens": 37937}}
{"timestamp": "2026-10-04T08:27:20.894199+00:00", "role": "developer", "task": "You are a TDD refactorer. Your task: improve FR-05 WITHOUT breaking tests.\n\n[SAB — BINDING MODULE PATHS]\n`.methodology/SAB.json` assigns these modules to FR-05. Gate 1's Architecture Amendment Protoco", "session_id": "a7701e74-6bf9-4d9d-9a20-e4544bf5dfa4", "status": "complete", "substrate": "python", "phase": 3, "fr_id": "FR-05", "regression_flags": {}, "error_output": "The refactor of FR-05 is committed as `ad5016c`. All 7 FR-05 tests passed before the change, and the full suite of 48 tests passes after it.\n\n- **No stand-ins to replace:** GREEN already built the real thing. Bucket state lives in the `rate_buckets` table, the bucket row is locked (`SELECT … FOR UPDATE`) and updated in the caller's single transaction, and the clock is set in `create_app()`.\n- **What I changed:** only `service/ratelimit.py`. `consume()` now calls two small helpers, `_refilled_tok", "exit_code": null, "duration_seconds": 33.6, "dispatch_attempt": 1, "total_cost_usd": 0.154525, "num_turns": 6, "duration_api_ms": 25711, "usage": {"input_tokens": 12, "output_tokens": 2221, "cache_read_input_tokens": 93085, "cache_creation_input_tokens": 11430}}
{"timestamp": "2026-10-04T08:27:43.414780+00:00", "role": "tool:amend-sab", "task": "amend-sab for taskq-open (deterministic tool)", "session_id": "", "status": "COMPLETED", "substrate": "python", "step": "AMEND-SAB", "tool_kind": "amend-sab", "outcome": "completed", "rc": 0, "src_dir": "03-development/src", "dry_run": false, "strict": false}
{"timestamp": "2026-10-04T08:27:58.937661+00:00", "role": "developer", "task": "You are a Gate 1 evaluator. Your task: run Gate 1 evaluation for FR-05.\n\n[FR REQUIREMENTS — what FR-05 was supposed to deliver]\n### FR-05: 流量控制\n\nCitation: SPEC L115-120.\n\n**Acceptance criteria (FR-05)", "session_id": "", "status": "ERROR", "substrate": "python", "phase": 3, "fr_id": "FR-05", "regression_flags": {}, "error_output": "Sub-agent reported inner status 'INFRA_BLOCKED': the step could not run because a precondition failed. Verbatim sub-agent reply follows — it carries the [BLOCKED] diagnostic the prompt asked it to quote.\n\nI stopped here because run-gate blocked on a precondition before any of the dimension tools ran. Following the stop rule, I didn't write `gate1_result.json`, didn't record any scores and didn't run finalize-gate. Nothing was committed.\n\n```json\n{\"status\": \"INFRA_BLOCKED\", \"gate_score\": null, \"p", "exit_code": 0, "error_class": "INFRA", "duration_seconds": 10.512, "dispatch_attempt": 1, "inner_status": "INFRA_BLOCKED", "transport_error": "", "total_cost_usd": 0.0569886, "num_turns": 2, "duration_api_ms": 7345, "usage": {"input_tokens": 4, "output_tokens": 661, "cache_read_input_tokens": 23723, "cache_creation_input_tokens": 4876}}
{"timestamp": "2026-10-04T08:28:13.469492+00:00", "role": "tdd-FR-05", "task": "", "session_id": "", "status": "complete", "substrate": "workflow", "phase_label": "P3 · Per-FR TDD", "reply_chars": 15}
{"timestamp": "2026-10-04T08:29:43.968330+00:00", "role": "developer", "task": "You are a TDD developer. Your ONLY task: write failing pytest tests for FR-06.\n\n\n[TEST SPEC — match these EXACT names]\nTEST_SPEC.md at `02-architecture/TEST_SPEC.md` defines 7 test cases for FR-06. Wr", "session_id": "028425e9-e68e-4fa4-9df3-f8ae0909858c", "status": "complete", "substrate": "python", "phase": 3, "fr_id": "FR-06", "regression_flags": {}, "error_output": "```json\n{\"status\": \"DONE\", \"test_file\": \"03-development/tests/test_fr06.py\", \"commit\": \"bbc8ca6\", \"summary\": \"FR-06 RED: 2 fail, 5 pass (pre-existing)\"}\n```\n\nAll 7 tests from TEST_SPEC are written with the exact names. I ran them and committed as `bbc8ca6`. **Only 2 fail; 5 already pass.** Much of FR-06 was built during earlier FRs: `UnitOfWork` already commits on success and rolls back on errors, including `CancelledError`, which it re-raises. `build_engine` already sets `pool_size` and `pool_p", "exit_code": null, "duration_seconds": 87.598, "dispatch_attempt": 1, "total_cost_usd": 0.5256103999999999, "num_turns": 11, "duration_api_ms": 84366, "usage": {"input_tokens": 20, "output_tokens": 10024, "cache_read_input_tokens": 278772, "cache_creation_input_tokens": 33662}}
{"timestamp": "2026-10-04T08:31:42.507068+00:00", "role": "developer", "task": "You are a TDD developer. Your task: implement FR-06 until the failing test passes.\n\n[SAB — BINDING MODULE PATHS]\n`.methodology/SAB.json` assigns these modules to FR-06. Gate 1's Architecture Amendment", "session_id": "dae94da8-f7f1-4642-a07c-f38905f82d72", "status": "complete", "substrate": "python", "phase": 3, "fr_id": "FR-06", "regression_flags": {}, "error_output": "FR-06 is done: all 7 tests in `test_fr06.py` pass, and the full suite passes too (55 tests). Committed as `5e04277`.\n\n**What changed:**\n- **`models/task.py`**: `Task.tags` is now a mapped relationship through `task_tags`.\n- **`repository/tasks.py`**: `list_page` now loads tags with `joinedload` in the same query (with `.unique()` on the result). Touching `task.tags` afterwards runs no extra SQL. I started with `selectinload`, but the `BEGIN IMMEDIATE` added in FR-05 counts as a statement, which ", "exit_code": null, "duration_seconds": 58.219, "dispatch_attempt": 1, "total_cost_usd": 0.308348, "num_turns": 9, "duration_api_ms": 44449, "usage": {"input_tokens": 18, "output_tokens": 4671, "cache_read_input_tokens": 215160, "cache_creation_input_tokens": 21478}}
{"timestamp": "2026-10-04T08:32:38.515741+00:00", "role": "developer", "task": "You are a TDD refactorer. Your task: improve FR-06 WITHOUT breaking tests.\n\n[SAB — BINDING MODULE PATHS]\n`.methodology/SAB.json` assigns these modules to FR-06. Gate 1's Architecture Amendment Protoco", "session_id": "631f9109-e947-484d-8e68-4a3099a0e8f6", "status": "complete", "substrate": "python", "phase": 3, "fr_id": "FR-06", "regression_flags": {}, "error_output": "Baseline was green before any change: 7 of 7 FR-06 tests passed. After the refactor, the full suite passes (55 of 55), and the change is committed as `5e12808`.\n\nAll edits are in `repository/session.py`:\n- **SQLite detection:** `build_engine` now reads the backend name from the parsed database URL (`make_url(...).get_backend_name()`) instead of checking whether the URL string starts with `\"sqlite\"`.\n- **Repository setup:** the five repositories are now attached to the one `Session` in a separate", "exit_code": null, "duration_seconds": 29.818, "dispatch_attempt": 1, "total_cost_usd": 0.1338906, "num_turns": 5, "duration_api_ms": 22388, "usage": {"input_tokens": 10, "output_tokens": 2128, "cache_read_input_tokens": 75813, "cache_creation_input_tokens": 9516}}
{"timestamp": "2026-10-04T08:32:59.572565+00:00", "role": "tool:amend-sab", "task": "amend-sab for taskq-open (deterministic tool)", "session_id": "", "status": "COMPLETED", "substrate": "python", "step": "AMEND-SAB", "tool_kind": "amend-sab", "outcome": "completed", "rc": 0, "src_dir": "03-development/src", "dry_run": false, "strict": false}
{"timestamp": "2026-10-04T08:33:11.334838+00:00", "role": "developer", "task": "You are a Gate 1 evaluator. Your task: run Gate 1 evaluation for FR-06.\n\n[FR REQUIREMENTS — what FR-06 was supposed to deliver]\n### FR-06: 持久化層與交易邊界\n\nCitation: SPEC L122-128.\n\n**Acceptance criteria (F", "session_id": "", "status": "ERROR", "substrate": "python", "phase": 3, "fr_id": "FR-06", "regression_flags": {}, "error_output": "Sub-agent reported inner status 'INFRA_BLOCKED': the step could not run because a precondition failed. Verbatim sub-agent reply follows — it carries the [BLOCKED] diagnostic the prompt asked it to quote.\n\nrun-gate stopped with a `[BLOCKED]` message before any of the four dimension tools ran, so this is a precondition failure, not a quality verdict. Following the stop rule, I did not write `gate1_result.json`, did not record any scores and did not run finalize-gate.\n\nVerbatim output:\n```\n[BLOCKED", "exit_code": 0, "error_class": "INFRA", "duration_seconds": 8.178, "dispatch_attempt": 1, "inner_status": "INFRA_BLOCKED", "transport_error": "", "total_cost_usd": 0.055525000000000005, "num_turns": 2, "duration_api_ms": 5697, "usage": {"input_tokens": 4, "output_tokens": 546, "cache_read_input_tokens": 23825, "cache_creation_input_tokens": 4978}}
{"timestamp": "2026-10-04T08:33:28.398287+00:00", "role": "tdd-FR-06", "task": "", "session_id": "", "status": "complete", "substrate": "workflow", "phase_label": "P3 · Per-FR TDD", "reply_chars": 15}
{"timestamp": "2026-10-04T08:35:12.410293+00:00", "role": "developer", "task": "You are a TDD developer. Your ONLY task: write failing pytest tests for FR-07.\n\n\n[TEST SPEC — match these EXACT names]\nTEST_SPEC.md at `02-architecture/TEST_SPEC.md` defines 8 test cases for FR-07. Wr", "session_id": "709bbf69-e94e-4446-9aa7-178cffa61f8a", "status": "complete", "substrate": "python", "phase": 3, "fr_id": "FR-07", "regression_flags": {}, "error_output": "The RED step for FR-07 is done: `03-development/tests/test_fr07.py` has all 8 tests from TEST_SPEC under their exact names, and it's committed as `48502af`. Running pytest on it stops at collection with `ModuleNotFoundError: No module named 'migrations'`. That error is the expected red state, so none of the 8 tests has actually run yet.\n\nWhat the GREEN step has to build so these tests can pass:\n- **Revision files:** `03-development/src/migrations/versions/v1_initial.py`, `v2_tags.py` and `v3_spl", "exit_code": null, "duration_seconds": 101.055, "dispatch_attempt": 1, "total_cost_usd": 0.5651394000000001, "num_turns": 9, "duration_api_ms": 98173, "usage": {"input_tokens": 16, "output_tokens": 11796, "cache_read_input_tokens": 224897, "cache_creation_input_tokens": 35522}}
{"timestamp": "2026-10-04T08:37:20.909112+00:00", "role": "developer", "task": "You are a TDD developer. Your task: implement FR-07 until the failing test passes.\n\n[SAB — BINDING MODULE PATHS]\n`.methodology/SAB.json` assigns these modules to FR-07. Gate 1's Architecture Amendment", "session_id": "95725cb0-7a40-42d1-8254-2a77c93c35ee", "status": "complete", "substrate": "python", "phase": 3, "fr_id": "FR-07", "regression_flags": {}, "error_output": "{\"status\": \"DONE\", \"files_changed\": [\"03-development/src/migrations/__init__.py\", \"03-development/src/migrations/env.py\", \"03-development/src/migrations/script.py.mako\", \"03-development/src/migrations/versions/__init__.py\", \"03-development/src/migrations/versions/v1_initial.py\", \"03-development/src/migrations/versions/v2_tags.py\", \"03-development/src/migrations/versions/v3_split_results.py\", \"03-development/src/taskq_api/repository/migration_state.py\"], \"commit\": \"f1d4ca8\", \"summary\": \"Alembic v", "exit_code": null, "duration_seconds": 89.997, "dispatch_attempt": 1, "total_cost_usd": 0.461469, "num_turns": 8, "duration_api_ms": 81768, "usage": {"input_tokens": 16, "output_tokens": 9407, "cache_read_input_tokens": 217245, "cache_creation_input_tokens": 28727}}
{"timestamp": "2026-10-04T08:38:23.407445+00:00", "role": "developer", "task": "You are a TDD refactorer. Your task: improve FR-07 WITHOUT breaking tests.\n\n[SAB — BINDING MODULE PATHS]\n`.methodology/SAB.json` assigns these modules to FR-07. Gate 1's Architecture Amendment Protoco", "session_id": "c89c2ecb-acfa-4cfe-a49c-5619edf9a689", "status": "complete", "substrate": "python", "phase": 3, "fr_id": "FR-07", "regression_flags": {}, "error_output": "{\"status\": \"DONE\", \"refactored\": true, \"commit\": \"b4e0c6b\", \"summary\": \"v3: one column tuple drives schema+SQL\"}\n\nAll 8 FR-07 tests passed before and after the change, and the full suite of 63 tests also passes. GREEN left nothing that needed connecting: no stub functions or stand-in storage, every downgrade really reverses its upgrade, and no \"DROP TABLE\" shortcut is used. So the only change is a cleanup. In `v3_split_results.py` the result columns were listed twice, once for the `task_results`", "exit_code": null, "duration_seconds": 32.09, "dispatch_attempt": 1, "total_cost_usd": 0.14684460000000002, "num_turns": 6, "duration_api_ms": 24204, "usage": {"input_tokens": 12, "output_tokens": 1808, "cache_read_input_tokens": 96983, "cache_creation_input_tokens": 11405}}
{"timestamp": "2026-10-04T08:38:43.339776+00:00", "role": "tool:amend-sab", "task": "amend-sab for taskq-open (deterministic tool)", "session_id": "", "status": "COMPLETED", "substrate": "python", "step": "AMEND-SAB", "tool_kind": "amend-sab", "outcome": "completed", "rc": 0, "src_dir": "03-development/src", "dry_run": false, "strict": false}
{"timestamp": "2026-10-04T08:38:57.549062+00:00", "role": "developer", "task": "You are a Gate 1 evaluator. Your task: run Gate 1 evaluation for FR-07.\n\n[FR REQUIREMENTS — what FR-07 was supposed to deliver]\n### FR-07: Schema Migration(Alembic 三步演進)\n\nCitation: SPEC L130-143.\n\n| r", "session_id": "", "status": "ERROR", "substrate": "python", "phase": 3, "fr_id": "FR-07", "regression_flags": {}, "error_output": "Sub-agent reported inner status 'INFRA_BLOCKED': the step could not run because a precondition failed. Verbatim sub-agent reply follows — it carries the [BLOCKED] diagnostic the prompt asked it to quote.\n\nI stopped at step 1. `run-gate` refused to start, so none of the four checks (ruff, pyright, tests/coverage, lint-imports) ran and FR-07 has no score. This is a setup problem in the project's architecture registration, not a judgement on the FR-07 code. Following the stop rule, I did not write ", "exit_code": 0, "error_class": "INFRA", "duration_seconds": 10.365, "dispatch_attempt": 1, "inner_status": "INFRA_BLOCKED", "transport_error": "", "total_cost_usd": 0.05988, "num_turns": 2, "duration_api_ms": 7237, "usage": {"input_tokens": 4, "output_tokens": 651, "cache_read_input_tokens": 24100, "cache_creation_input_tokens": 5253}}
{"timestamp": "2026-10-04T08:39:06.264519+00:00", "role": "tdd-FR-07", "task": "", "session_id": "", "status": "complete", "substrate": "workflow", "phase_label": "P3 · Per-FR TDD", "reply_chars": 15}
{"timestamp": "2026-10-04T08:41:18.556577+00:00", "role": "developer", "task": "You are a TDD developer. Your ONLY task: write failing pytest tests for FR-08.\n\n\n[TEST SPEC — match these EXACT names]\nTEST_SPEC.md at `02-architecture/TEST_SPEC.md` defines 7 test cases for FR-08. Wr", "session_id": "4d7d9097-f5a6-4c1c-a97d-421998ab8294", "status": "complete", "substrate": "python", "phase": 3, "fr_id": "FR-08", "regression_flags": {}, "error_output": "I wrote the 7 failing FR-08 tests with the exact TEST_SPEC names and committed them as `e5f80ff`. Running pytest stops at collection (exit code 2) because `taskq_api.service.executor` doesn't exist yet. That counts as the RED state, so no test bodies have run yet.\n\nThe module docstring spells out what the GREEN step has to build:\n- **`Executor`** in `service/executor.py`: an async context manager that wraps `asyncio.TaskGroup` and reads `TASKQ_MAX_CONCURRENT`. `enqueue(job)` takes a zero-argumen", "exit_code": null, "duration_seconds": 129.25, "dispatch_attempt": 1, "total_cost_usd": 0.6659984, "num_turns": 9, "duration_api_ms": 125819, "usage": {"input_tokens": 18, "output_tokens": 14450, "cache_read_input_tokens": 269832, "cache_creation_input_tokens": 40370}}
{"timestamp": "2026-10-04T08:43:45.302945+00:00", "role": "developer", "task": "You are a TDD developer. Your task: implement FR-08 until the failing test passes.\n\n[SAB — BINDING MODULE PATHS]\n`.methodology/SAB.json` assigns these modules to FR-08. Gate 1's Architecture Amendment", "session_id": "4f08a37f-14f5-45bc-83ab-4c0250def276", "status": "complete", "substrate": "python", "phase": 3, "fr_id": "FR-08", "regression_flags": {}, "error_output": "FR-08 is implemented and committed as `e7d2f12`. All 7 tests in `test_fr08.py` pass, the full suite passes (70 tests), and the import-linter contracts hold (3 kept) when run with `PYTHONPATH=03-development/src`.\n\n- **New `service/executor.py`:** an async context manager built on `asyncio.TaskGroup`. It caps concurrent jobs at `TASKQ_MAX_CONCURRENT`; extra jobs wait in a queue and are only called once a slot frees up. `drain()` waits up to `TASKQ_DRAIN_TIMEOUT`, then cancels what's left and waits", "exit_code": null, "duration_seconds": 108.355, "dispatch_attempt": 1, "total_cost_usd": 0.5042426, "num_turns": 12, "duration_api_ms": 90101, "usage": {"input_tokens": 22, "output_tokens": 9312, "cache_read_input_tokens": 340453, "cache_creation_input_tokens": 31228}}
{"timestamp": "2026-10-04T08:45:20.912966+00:00", "role": "developer", "task": "You are a TDD refactorer. Your task: improve FR-08 WITHOUT breaking tests.\n\n[SAB — BINDING MODULE PATHS]\n`.methodology/SAB.json` assigns these modules to FR-08. Gate 1's Architecture Amendment Protoco", "session_id": "3ffa517a-2ab2-4883-892e-872daa86cef4", "status": "complete", "substrate": "python", "phase": 3, "fr_id": "FR-08", "regression_flags": {}, "error_output": "I committed the FR-08 refactor as `6d15774`. The 7 FR-08 tests passed before and after the change, and the full suite still passes (70 tests).\n\n**Gap fixed:** when the shutdown drain timed out, runs still waiting in the queue were thrown away without any status change. Their tasks stayed `pending` forever instead of ending `interrupted` as AC-8.1 / NFR-99.4 require. `Executor.enqueue` now takes an optional `on_dropped` callback, and `runs.start` uses it to mark those tasks `interrupted`. Existin", "exit_code": null, "duration_seconds": 62.478, "dispatch_attempt": 1, "total_cost_usd": 0.21722600000000003, "num_turns": 6, "duration_api_ms": 39270, "usage": {"input_tokens": 12, "output_tokens": 3713, "cache_read_input_tokens": 104350, "cache_creation_input_tokens": 15256}}
{"timestamp": "2026-10-04T08:45:41.514870+00:00", "role": "tool:amend-sab", "task": "amend-sab for taskq-open (deterministic tool)", "session_id": "", "status": "COMPLETED", "substrate": "python", "step": "AMEND-SAB", "tool_kind": "amend-sab", "outcome": "completed", "rc": 0, "src_dir": "03-development/src", "dry_run": false, "strict": false}
{"timestamp": "2026-10-04T08:46:03.049978+00:00", "role": "developer", "task": "You are a Gate 1 evaluator. Your task: run Gate 1 evaluation for FR-08.\n\n[FR REQUIREMENTS — what FR-08 was supposed to deliver]\n### FR-08: 非同步執行器\n\nCitation: SPEC L145-150.\n\n**Acceptance criteria (FR-0", "session_id": "", "status": "ERROR", "substrate": "python", "phase": 3, "fr_id": "FR-08", "regression_flags": {}, "error_output": "Sub-agent reported inner status 'INFRA_BLOCKED': the step could not run because a precondition failed. Verbatim sub-agent reply follows — it carries the [BLOCKED] diagnostic the prompt asked it to quote.\n\nGate 1 for FR-08 did not run. `run-gate` stopped on a precondition check before any of the four dimension tools started:\n\n```\n[BLOCKED] run-gate: Architecture Amendment Protocol violation.\nUnregistered modules detected: {'taskq_api.__main__'}\nFix: you must create an Amendment PR to update SAB.j", "exit_code": 0, "error_class": "INFRA", "duration_seconds": 18.21, "dispatch_attempt": 1, "inner_status": "INFRA_BLOCKED", "transport_error": "", "total_cost_usd": 0.0844512, "num_turns": 4, "duration_api_ms": 15166, "usage": {"input_tokens": 8, "output_tokens": 1094, "cache_read_input_tokens": 53176, "cache_creation_input_tokens": 6488}}
{"timestamp": "2026-10-04T08:46:29.839650+00:00", "role": "tdd-FR-08", "task": "", "session_id": "", "status": "complete", "substrate": "workflow", "phase_label": "P3 · Per-FR TDD", "reply_chars": 15}
{"timestamp": "2026-10-04T08:47:47.423380+00:00", "role": "developer", "task": "You are a TDD developer. Your ONLY task: write failing pytest tests for FR-09.\n\n\n[TEST SPEC — match these EXACT names]\nTEST_SPEC.md at `02-architecture/TEST_SPEC.md` defines 6 test cases for FR-09. Wr", "session_id": "f8a56fb0-0017-488e-adfa-f5162ecd9455", "status": "complete", "substrate": "python", "phase": 3, "fr_id": "FR-09", "regression_flags": {}, "error_output": "{\"status\": \"DONE\", \"test_file\": \"03-development/tests/test_fr09.py\", \"commit\": \"3b8c6fc\", \"summary\": \"6 FR-09 RED tests; routes_metrics import fails\"}", "exit_code": null, "duration_seconds": 74.501, "dispatch_attempt": 1, "total_cost_usd": 0.456637, "num_turns": 10, "duration_api_ms": 71605, "usage": {"input_tokens": 20, "output_tokens": 7677, "cache_read_input_tokens": 269165, "cache_creation_input_tokens": 31148}}
{"timestamp": "2026-10-04T08:50:08.385162+00:00", "role": "developer", "task": "You are a TDD developer. Your task: implement FR-09 until the failing test passes.\n\n[SAB — BINDING MODULE PATHS]\n`.methodology/SAB.json` assigns these modules to FR-09. Gate 1's Architecture Amendment", "session_id": "558797c8-870e-490e-b87f-ba3c76b34784", "status": "complete", "substrate": "python", "phase": 3, "fr_id": "FR-09", "regression_flags": {}, "error_output": "All 6 FR-09 tests pass and the work is committed as `4abd17b`. However, the full suite now has one failure: `test_fr05_health_endpoints_not_rate_limited` (75 passed, 1 failed). Import-linter keeps all 3 contracts.\n\n**Why the FR-05 test fails:** its `_make_db` helper builds tables with `Base.metadata.create_all` and never records a migration revision. With no revision on record, `/readyz` now returns 503 \"migration not at head\", which is what FR-09 requires (SPEC L160, and AC-9.4 says an outdated", "exit_code": null, "duration_seconds": 95.692, "dispatch_attempt": 1, "total_cost_usd": 0.583066, "num_turns": 11, "duration_api_ms": 84069, "usage": {"input_tokens": 22, "output_tokens": 9893, "cache_read_input_tokens": 379350, "cache_creation_input_tokens": 38656}}
{"timestamp": "2026-10-04T08:51:11.470031+00:00", "role": "developer", "task": "You are a TDD refactorer. Your task: improve FR-09 WITHOUT breaking tests.\n\n[SAB — BINDING MODULE PATHS]\n`.methodology/SAB.json` assigns these modules to FR-09. Gate 1's Architecture Amendment Protoco", "session_id": "f79b3bfc-f36f-456d-99d5-4d18fa432181", "status": "complete", "substrate": "python", "phase": 3, "fr_id": "FR-09", "regression_flags": {}, "error_output": "I tidied FR-09 and committed it as `7829c30`. The 6 FR-09 tests passed before and after the change. One test in the FR-05 file, `test_fr05_health_endpoints_not_rate_limited`, fails in the full suite. It fails the same way with my change reverted, so it was already failing before this refactor. It is outside this step's scope and I didn't touch it.\n\nThe GREEN code had no stand-ins to replace: the readiness check, the stats queries and the rejection counter are all real. The changes, all in `servi", "exit_code": null, "duration_seconds": 29.746, "dispatch_attempt": 1, "total_cost_usd": 0.1310164, "num_turns": 5, "duration_api_ms": 17683, "usage": {"input_tokens": 10, "output_tokens": 1785, "cache_read_input_tokens": 75222, "cache_creation_input_tokens": 10029}}
{"timestamp": "2026-10-04T08:51:35.631618+00:00", "role": "tool:amend-sab", "task": "amend-sab for taskq-open (deterministic tool)", "session_id": "", "status": "COMPLETED", "substrate": "python", "step": "AMEND-SAB", "tool_kind": "amend-sab", "outcome": "completed", "rc": 0, "src_dir": "03-development/src", "dry_run": false, "strict": false}
{"timestamp": "2026-10-04T08:51:48.632372+00:00", "role": "developer", "task": "You are a Gate 1 evaluator. Your task: run Gate 1 evaluation for FR-09.\n\n[FR REQUIREMENTS — what FR-09 was supposed to deliver]\n### FR-09: 健康檢查與可觀測性\n\nCitation: SPEC L152-160.\n\n| Endpoint | Auth | Beha", "session_id": "", "status": "ERROR", "substrate": "python", "phase": 3, "fr_id": "FR-09", "regression_flags": {}, "error_output": "Sub-agent reported inner status 'INFRA_BLOCKED': the step could not run because a precondition failed. Verbatim sub-agent reply follows — it carries the [BLOCKED] diagnostic the prompt asked it to quote.\n\nI stopped here: `run-gate` reported `[BLOCKED]` before any dimension tools ran. Under the stop rule this is an infrastructure precondition failure, not a code-quality verdict. I did not write `gate1_result.json`, record any scores, or run `finalize-gate`.\n\nThe verbatim message:\n\n```\n[BLOCKED] r", "exit_code": 0, "error_class": "INFRA", "duration_seconds": 9.256, "dispatch_attempt": 1, "inner_status": "INFRA_BLOCKED", "transport_error": "", "total_cost_usd": 0.0569452, "num_turns": 2, "duration_api_ms": 6932, "usage": {"input_tokens": 4, "output_tokens": 592, "cache_read_input_tokens": 23886, "cache_creation_input_tokens": 5039}}
{"timestamp": "2026-10-04T08:52:08.497654+00:00", "role": "tdd-FR-09", "task": "", "session_id": "", "status": "complete", "substrate": "workflow", "phase_label": "P3 · Per-FR TDD", "reply_chars": 15}
{"timestamp": "2026-10-04T08:53:54.481043+00:00", "role": "developer", "task": "You are a TDD developer. Your ONLY task: write failing pytest tests for FR-10.\n\n\n[TEST SPEC — match these EXACT names]\nTEST_SPEC.md at `02-architecture/TEST_SPEC.md` defines 17 test cases for FR-10. W", "session_id": "1068db0a-e7e2-4705-9444-51aeee8a9900", "status": "complete", "substrate": "python", "phase": 3, "fr_id": "FR-10", "regression_flags": {}, "error_output": "{\"status\": \"DONE\", \"test_file\": \"03-development/tests/test_fr10.py\", \"commit\": \"af23ec0\", \"summary\": \"17 FR-10 RED tests; middleware import fails\"}\n\nThe tests are red as expected. pytest stops during collection with `ImportError: cannot import name 'middleware' from 'taskq_api.api'`, because the module `taskq_api.api.middleware` (listed in SAB.json for FR-10) doesn't exist yet. So none of the 17 tests ran.\n\nWhat the GREEN step needs to build:\n- **Correlation id:** `taskq_api.api.middleware` must", "exit_code": null, "duration_seconds": 102.634, "dispatch_attempt": 1, "total_cost_usd": 0.6985488, "num_turns": 10, "duration_api_ms": 99741, "usage": {"input_tokens": 20, "output_tokens": 11059, "cache_read_input_tokens": 412844, "cache_creation_input_tokens": 49340}}
{"timestamp": "2026-10-04T08:56:17.078258+00:00", "role": "developer", "task": "You are a TDD developer. Your task: implement FR-10 until the failing test passes.\n\n[SAB — BINDING MODULE PATHS]\n`.methodology/SAB.json` assigns these modules to FR-10. Gate 1's Architecture Amendment", "session_id": "32413f02-04df-483a-ac27-b996dcbe0d52", "status": "complete", "substrate": "python", "phase": 3, "fr_id": "FR-10", "regression_flags": {}, "error_output": "All 17 tests in `test_fr10.py` pass and the work is committed as `ab9e8bf`. `lint-imports` keeps all 3 contracts. The full suite has one failure (92 pass, 1 fails), and it also fails without my changes: `test_fr05_health_endpoints_not_rate_limited`. That test builds its database with `Base.metadata.create_all`, so no Alembic revision is ever recorded. Since FR-09, `/readyz` returns 503 for such a database. Either the test needs to build the schema with migrations or its expectation needs to chan", "exit_code": null, "duration_seconds": 103.301, "dispatch_attempt": 1, "total_cost_usd": 0.670137, "num_turns": 15, "duration_api_ms": 85524, "usage": {"input_tokens": 28, "output_tokens": 8134, "cache_read_input_tokens": 652925, "cache_creation_input_tokens": 47095}}
{"timestamp": "2026-10-04T08:57:56.570557+00:00", "role": "developer", "task": "You are a TDD refactorer. Your task: improve FR-10 WITHOUT breaking tests.\n\n[SAB — BINDING MODULE PATHS]\n`.methodology/SAB.json` assigns these modules to FR-10. Gate 1's Architecture Amendment Protoco", "session_id": "f45e6f99-3164-43c7-b8b4-6037c5ed2d5e", "status": "complete", "substrate": "python", "phase": 3, "fr_id": "FR-10", "regression_flags": {}, "error_output": "I refactored FR-10 and committed it as `d1b83ba`. All 17 tests in `test_fr10.py` pass before and after the change.\n\n- **New 500 error type:** `errors.py` now has an `InternalError` class for the 500 row of the error table, with one fixed generic `detail`. The middleware uses it instead of building a base `TaskqError` from a string constant. `middleware.INTERNAL_DETAIL` still exists and now points to `InternalError.GENERIC_DETAIL`.\n- **Removed a runtime `assert`:** In `error_handlers.py` the `ass", "exit_code": null, "duration_seconds": 62.993, "dispatch_attempt": 1, "total_cost_usd": 0.32205140000000004, "num_turns": 7, "duration_api_ms": 31820, "usage": {"input_tokens": 14, "output_tokens": 3292, "cache_read_input_tokens": 202377, "cache_creation_input_tokens": 26960}}
{"timestamp": "2026-10-04T08:58:18.481821+00:00", "role": "tool:amend-sab", "task": "amend-sab for taskq-open (deterministic tool)", "session_id": "", "status": "COMPLETED", "substrate": "python", "step": "AMEND-SAB", "tool_kind": "amend-sab", "outcome": "completed", "rc": 0, "src_dir": "03-development/src", "dry_run": false, "strict": false}
{"timestamp": "2026-10-04T08:58:33.621573+00:00", "role": "developer", "task": "You are a Gate 1 evaluator. Your task: run Gate 1 evaluation for FR-10.\n\n[FR REQUIREMENTS — what FR-10 was supposed to deliver]\n### FR-10: 錯誤契約(RFC 7807)\n\nCitation: SPEC L162-168, §7 L331-347.\n\n**Acce", "session_id": "", "status": "ERROR", "substrate": "python", "phase": 3, "fr_id": "FR-10", "regression_flags": {}, "error_output": "Sub-agent reported inner status 'INFRA_BLOCKED': the step could not run because a precondition failed. Verbatim sub-agent reply follows — it carries the [BLOCKED] diagnostic the prompt asked it to quote.\n\nrun-gate returned [BLOCKED] before it ran any dimension tool, so this is a precondition failure. Per the stop rule I did not write `gate1_result.json`, record any scores, or call finalize-gate.\n\n```json\n{\"status\": \"INFRA_BLOCKED\", \"gate_score\": null, \"pass\": false, \"failing_dims\": [], \"commit\":", "exit_code": 0, "error_class": "INFRA", "duration_seconds": 10.671, "dispatch_attempt": 1, "inner_status": "INFRA_BLOCKED", "transport_error": "", "total_cost_usd": 0.17420420000000003, "num_turns": 2, "duration_api_ms": 6885, "usage": {"input_tokens": 4, "output_tokens": 594, "cache_read_input_tokens": 38181, "cache_creation_input_tokens": 19334}}
{"timestamp": "2026-10-04T08:58:46.230435+00:00", "role": "tdd-FR-10", "task": "", "session_id": "", "status": "complete", "substrate": "workflow", "phase_label": "P3 · Per-FR TDD", "reply_chars": 15}
{"timestamp": "2026-10-04T08:58:57.820926+00:00", "role": "developer", "task": "You are a Gate 1 evaluator. Your task: run Gate 1 evaluation for FR-03.\n\n[FR REQUIREMENTS — what FR-03 was supposed to deliver]\n### FR-03: API Key 認證\n\nCitation: SPEC L101-107.\n\n**Acceptance criteria (", "session_id": "", "status": "ERROR", "substrate": "python", "phase": 3, "fr_id": "FR-03", "regression_flags": {}, "error_output": "Sub-agent reported inner status 'INFRA_BLOCKED': the step could not run because a precondition failed. Verbatim sub-agent reply follows — it carries the [BLOCKED] diagnostic the prompt asked it to quote.\n\nI stopped at step 1: `run-gate` printed `[BLOCKED]` before any dimension tool ran. Under the stop rule, I did not write `gate1_result.json`, did not record any scores and did not run `finalize-gate`. FR-03 has no Gate 1 verdict yet; this is a setup problem, not a code-quality failure.\n\nVerbatim", "exit_code": 0, "error_class": "INFRA", "duration_seconds": 9.745, "dispatch_attempt": 1, "inner_status": "INFRA_BLOCKED", "transport_error": "", "total_cost_usd": 0.0566732, "num_turns": 2, "duration_api_ms": 6403, "usage": {"input_tokens": 4, "output_tokens": 603, "cache_read_input_tokens": 23826, "cache_creation_input_tokens": 4979}}
{"timestamp": "2026-10-04T08:59:12.938230+00:00", "role": "gate1-retry-FR-03", "task": "", "session_id": "", "status": "complete", "substrate": "workflow", "phase_label": "P3 · Per-FR TDD", "reply_chars": 15}
{"timestamp": "2026-10-04T08:59:26.947440+00:00", "role": "developer", "task": "You are a Gate 1 evaluator. Your task: run Gate 1 evaluation for FR-04.\n\n[FR REQUIREMENTS — what FR-04 was supposed to deliver]\n### FR-04: Scope 授權\n\nCitation: SPEC L109-113.\n\n**Acceptance criteria (FR", "session_id": "", "status": "ERROR", "substrate": "python", "phase": 3, "fr_id": "FR-04", "regression_flags": {}, "error_output": "Sub-agent reported inner status 'INFRA_BLOCKED': the step could not run because a precondition failed. Verbatim sub-agent reply follows — it carries the [BLOCKED] diagnostic the prompt asked it to quote.\n\nI stopped at step 1: `run-gate` blocked on a precondition, so none of the four dimension tools ran and FR-04 has no score. Following the stop rule, I did not write `.sessi-work/gate1_result.json`, did not run `finalize-gate`, and recorded no zero scores.\n\nThe exact message from `run-gate`:\n\n```", "exit_code": 0, "error_class": "INFRA", "duration_seconds": 8.599, "dispatch_attempt": 1, "inner_status": "INFRA_BLOCKED", "transport_error": "", "total_cost_usd": 0.0551256, "num_turns": 2, "duration_api_ms": 6286, "usage": {"input_tokens": 4, "output_tokens": 574, "cache_read_input_tokens": 23708, "cache_creation_input_tokens": 4861}}
{"timestamp": "2026-10-04T08:59:42.825361+00:00", "role": "gate1-retry-FR-04", "task": "", "session_id": "", "status": "complete", "substrate": "workflow", "phase_label": "P3 · Per-FR TDD", "reply_chars": 15}
{"timestamp": "2026-10-04T08:59:57.003988+00:00", "role": "developer", "task": "You are a Gate 1 evaluator. Your task: run Gate 1 evaluation for FR-05.\n\n[FR REQUIREMENTS — what FR-05 was supposed to deliver]\n### FR-05: 流量控制\n\nCitation: SPEC L115-120.\n\n**Acceptance criteria (FR-05)", "session_id": "", "status": "ERROR", "substrate": "python", "phase": 3, "fr_id": "FR-05", "regression_flags": {}, "error_output": "Sub-agent reported inner status 'INFRA_BLOCKED': the step could not run because a precondition failed. Verbatim sub-agent reply follows — it carries the [BLOCKED] diagnostic the prompt asked it to quote.\n\nGate 1 for FR-05 did not run. `run-gate` stopped at a precondition check before any of the four tools (ruff, pyright, tests, lint-imports) started. The message was:\n\n```\n[BLOCKED] run-gate: Architecture Amendment Protocol violation.\nUnregistered modules detected: {'taskq_api.__main__'}\nFix: you", "exit_code": 0, "error_class": "INFRA", "duration_seconds": 9.236, "dispatch_attempt": 1, "inner_status": "INFRA_BLOCKED", "transport_error": "", "total_cost_usd": 0.0564978, "num_turns": 2, "duration_api_ms": 6354, "usage": {"input_tokens": 4, "output_tokens": 634, "cache_read_input_tokens": 23729, "cache_creation_input_tokens": 4882}}
{"timestamp": "2026-10-04T09:00:12.913503+00:00", "role": "gate1-retry-FR-05", "task": "", "session_id": "", "status": "complete", "substrate": "workflow", "phase_label": "P3 · Per-FR TDD", "reply_chars": 15}
{"timestamp": "2026-10-04T09:00:36.476294+00:00", "role": "developer", "task": "You are a Gate 1 evaluator. Your task: run Gate 1 evaluation for FR-06.\n\n[FR REQUIREMENTS — what FR-06 was supposed to deliver]\n### FR-06: 持久化層與交易邊界\n\nCitation: SPEC L122-128.\n\n**Acceptance criteria (F", "session_id": "", "status": "ERROR", "substrate": "python", "phase": 3, "fr_id": "FR-06", "regression_flags": {}, "error_output": "Sub-agent reported inner status 'INFRA_BLOCKED': the step could not run because a precondition failed. Verbatim sub-agent reply follows — it carries the [BLOCKED] diagnostic the prompt asked it to quote.\n\nGate 1 for FR-06 didn't run. `run-gate` stopped on a precondition check before any of the four dimension tools started. Following the stop rule, I did not write `gate1_result.json`, recorded no scores and did not call `finalize-gate`.\n\nVerbatim message:\n```\n[BLOCKED] run-gate: Architecture Amen", "exit_code": 0, "error_class": "INFRA", "duration_seconds": 21.328, "dispatch_attempt": 1, "inner_status": "INFRA_BLOCKED", "transport_error": "", "total_cost_usd": 0.08170920000000001, "num_turns": 5, "duration_api_ms": 18566, "usage": {"input_tokens": 10, "output_tokens": 1149, "cache_read_input_tokens": 68126, "cache_creation_input_tokens": 5633}}
{"timestamp": "2026-10-04T09:01:03.243651+00:00", "role": "gate1-retry-FR-06", "task": "", "session_id": "", "status": "complete", "substrate": "workflow", "phase_label": "P3 · Per-FR TDD", "reply_chars": 15}
{"timestamp": "2026-10-04T09:01:15.764601+00:00", "role": "developer", "task": "You are a Gate 1 evaluator. Your task: run Gate 1 evaluation for FR-07.\n\n[FR REQUIREMENTS — what FR-07 was supposed to deliver]\n### FR-07: Schema Migration(Alembic 三步演進)\n\nCitation: SPEC L130-143.\n\n| r", "session_id": "", "status": "ERROR", "substrate": "python", "phase": 3, "fr_id": "FR-07", "regression_flags": {}, "error_output": "Sub-agent reported inner status 'INFRA_BLOCKED': the step could not run because a precondition failed. Verbatim sub-agent reply follows — it carries the [BLOCKED] diagnostic the prompt asked it to quote.\n\nGate 1 did not run for FR-07. The `run-gate` precondition check stopped with `[BLOCKED]`, so none of the four dimension tools ran and there are no scores. Following the stop rule, I did not write `gate1_result.json`, record any zeros, or call `finalize-gate`.\n\nVerbatim message:\n```\n[BLOCKED] ru", "exit_code": 0, "error_class": "INFRA", "duration_seconds": 9.939, "dispatch_attempt": 1, "inner_status": "INFRA_BLOCKED", "transport_error": "", "total_cost_usd": 0.0605184, "num_turns": 2, "duration_api_ms": 6865, "usage": {"input_tokens": 4, "output_tokens": 678, "cache_read_input_tokens": 24112, "cache_creation_input_tokens": 5265}}
{"timestamp": "2026-10-04T09:01:33.158911+00:00", "role": "gate1-retry-FR-07", "task": "", "session_id": "", "status": "complete", "substrate": "workflow", "phase_label": "P3 · Per-FR TDD", "reply_chars": 15}
{"timestamp": "2026-10-04T09:01:50.715094+00:00", "role": "developer", "task": "You are a Gate 1 evaluator. Your task: run Gate 1 evaluation for FR-08.\n\n[FR REQUIREMENTS — what FR-08 was supposed to deliver]\n### FR-08: 非同步執行器\n\nCitation: SPEC L145-150.\n\n**Acceptance criteria (FR-0", "session_id": "", "status": "ERROR", "substrate": "python", "phase": 3, "fr_id": "FR-08", "regression_flags": {}, "error_output": "Sub-agent reported inner status 'INFRA_BLOCKED': the step could not run because a precondition failed. Verbatim sub-agent reply follows — it carries the [BLOCKED] diagnostic the prompt asked it to quote.\n\nI didn't run the Gate 1 evaluation for FR-08: `run-gate` stopped on a precondition check, so none of the four dimension tools ran.\n\nExact message:\n```\n[BLOCKED] run-gate: Architecture Amendment Protocol violation.\nUnregistered modules detected: {'taskq_api.__main__'}\nFix: you must create an Ame", "exit_code": 0, "error_class": "INFRA", "duration_seconds": 13.701, "dispatch_attempt": 1, "inner_status": "INFRA_BLOCKED", "transport_error": "", "total_cost_usd": 0.0742878, "num_turns": 4, "duration_api_ms": 11192, "usage": {"input_tokens": 8, "output_tokens": 985, "cache_read_input_tokens": 53219, "cache_creation_input_tokens": 5489}}
{"timestamp": "2026-10-04T09:02:01.946413+00:00", "role": "gate1-retry-FR-08", "task": "", "session_id": "", "status": "complete", "substrate": "workflow", "phase_label": "P3 · Per-FR TDD", "reply_chars": 15}
{"timestamp": "2026-10-04T09:02:13.251463+00:00", "role": "developer", "task": "You are a Gate 1 evaluator. Your task: run Gate 1 evaluation for FR-09.\n\n[FR REQUIREMENTS — what FR-09 was supposed to deliver]\n### FR-09: 健康檢查與可觀測性\n\nCitation: SPEC L152-160.\n\n| Endpoint | Auth | Beha", "session_id": "", "status": "ERROR", "substrate": "python", "phase": 3, "fr_id": "FR-09", "regression_flags": {}, "error_output": "Sub-agent reported inner status 'INFRA_BLOCKED': the step could not run because a precondition failed. Verbatim sub-agent reply follows — it carries the [BLOCKED] diagnostic the prompt asked it to quote.\n\nGate 1 for FR-09 is blocked by an infrastructure problem, so I didn't evaluate FR-09's code. `run-gate` stopped before running any of the four checks (ruff, pyright, coverage, lint-imports), and printed this verbatim message:\n\n```\n[BLOCKED] run-gate: Architecture Amendment Protocol violation.\nU", "exit_code": 0, "error_class": "INFRA", "duration_seconds": 8.722, "dispatch_attempt": 1, "inner_status": "INFRA_BLOCKED", "transport_error": "", "total_cost_usd": 0.057243600000000006, "num_turns": 2, "duration_api_ms": 6202, "usage": {"input_tokens": 4, "output_tokens": 602, "cache_read_input_tokens": 23898, "cache_creation_input_tokens": 5051}}
{"timestamp": "2026-10-04T09:02:26.908081+00:00", "role": "gate1-retry-FR-09", "task": "", "session_id": "", "status": "complete", "substrate": "workflow", "phase_label": "P3 · Per-FR TDD", "reply_chars": 15}
{"timestamp": "2026-10-04T09:02:38.758211+00:00", "role": "developer", "task": "You are a Gate 1 evaluator. Your task: run Gate 1 evaluation for FR-10.\n\n[FR REQUIREMENTS — what FR-10 was supposed to deliver]\n### FR-10: 錯誤契約(RFC 7807)\n\nCitation: SPEC L162-168, §7 L331-347.\n\n**Acce", "session_id": "", "status": "ERROR", "substrate": "python", "phase": 3, "fr_id": "FR-10", "regression_flags": {}, "error_output": "Sub-agent reported inner status 'INFRA_BLOCKED': the step could not run because a precondition failed. Verbatim sub-agent reply follows — it carries the [BLOCKED] diagnostic the prompt asked it to quote.\n\nI ran `run-gate` and it printed `[BLOCKED]`, so this is an infrastructure blocker, not a score for FR-10. None of the dimension tools ran. Following the stop rule, I did not write `gate1_result.json`, did not record any zero scores, and did not run `finalize-gate`.\n\nThe exact message from `run-", "exit_code": 0, "error_class": "INFRA", "duration_seconds": 9.037, "dispatch_attempt": 1, "inner_status": "INFRA_BLOCKED", "transport_error": "", "total_cost_usd": 0.023759, "num_turns": 2, "duration_api_ms": 6543, "usage": {"input_tokens": 4, "output_tokens": 612, "cache_read_input_tokens": 57515, "cache_creation_input_tokens": 0}}
{"timestamp": "2026-10-04T09:02:55.575787+00:00", "role": "gate1-retry-FR-10", "task": "", "session_id": "", "status": "complete", "substrate": "workflow", "phase_label": "P3 · Per-FR TDD", "reply_chars": 15}
{"timestamp": "2026-10-04T10:16:57.530685+00:00", "role": "tool:amend-sab", "task": "amend-sab for taskq-open (deterministic tool)", "session_id": "", "status": "COMPLETED", "substrate": "python", "step": "AMEND-SAB", "tool_kind": "amend-sab", "outcome": "dry_run", "rc": 0, "src_dir": "03-development/src", "dry_run": true, "strict": false}
{"timestamp": "2026-10-04T11:27:23.418961+00:00", "role": "resolve-repo", "task": "", "session_id": "", "status": "complete", "substrate": "workflow", "phase_label": "", "reply_chars": 38}
{"timestamp": "2026-10-04T11:27:29.489525+00:00", "role": "phase-cursor", "task": "", "session_id": "", "status": "complete", "substrate": "workflow", "phase_label": "Phase Cursor", "reply_chars": 15}
{"timestamp": "2026-10-04T11:28:15.829370+00:00", "role": "preflight", "task": "", "session_id": "", "status": "complete", "substrate": "workflow", "phase_label": "P3 · Entry & Preflight", "reply_chars": 15}
{"timestamp": "2026-10-04T11:55:54.636363+00:00", "role": "resolve-repo", "task": "", "session_id": "", "status": "complete", "substrate": "workflow", "phase_label": "", "reply_chars": 38}
{"timestamp": "2026-10-04T11:56:20.033667+00:00", "role": "phase-cursor", "task": "", "session_id": "", "status": "complete", "substrate": "workflow", "phase_label": "Phase Cursor", "reply_chars": 15}
{"timestamp": "2026-10-04T11:57:29.352807+00:00", "role": "preflight-probe", "task": "You are an unattended environment probe in a headless pipeline. There is NO human: never ask for permission or confirmation.\nRun these THREE commands via the Bash tool, in order, and paste each comman", "session_id": "02da3c50-1b3f-4a85-a63c-69d01841e555", "status": "complete", "substrate": "python", "phase": 3, "fr_id": null, "regression_flags": {}, "error_output": "pytest 8.4.2\nOn branch main\nYour branch is ahead of 'origin/main' by 1 commit.\n  (use \"git push\" to publish your local commits)\n\nChanges not staged for commit:\n  (use \"git add <file>...\" to update what will be committed)\n  (use \"git restore <file>...\" to discard changes in working directory)\n\tmodified:   .methodology/degradations.jsonl\n\tmodified:   .methodology/workflow_blocks.jsonl\n\nUntracked files:\n  (use \"git add <file>...\" to include in what will be committed)\n\t.methodology/agent_b_approvals", "exit_code": null, "duration_seconds": 31.82, "dispatch_attempt": 1, "total_cost_usd": 0.12630599999999997, "num_turns": 4, "duration_api_ms": 31455, "usage": {"input_tokens": 17009, "output_tokens": 693, "cache_read_input_tokens": 47872, "cache_creation_input_tokens": 0}}
{"timestamp": "2026-10-04T11:57:29.353404+00:00", "role": "preflight-probe", "task": "substrate preflight probe", "session_id": "", "status": "PREFLIGHT_OK", "substrate": "python", "phase": 3, "fr_id": null, "regression_flags": {}, "error_output": "pytest_ok=True git_ok=True canary_ok=True permission_mode=bypassPermissions setting_sources='' | ethodology/degradations.jsonl\n\tmodified:   .methodology/workflow_blocks.jsonl\n\nUntracked files:\n  (use \"git add <file>...\" to include in what will be committed)\n\t.methodology/agent_b_approvals/FR-02.json\n\nno changes added to commit (use \"git add\" and/or \"git commit -a\")\nPREFLIGHT_SUBSTRATE_CANARY_OK", "exit_code": null}
{"timestamp": "2026-10-04T11:58:06.423386+00:00", "role": "preflight", "task": "", "session_id": "", "status": "complete", "substrate": "workflow", "phase_label": "P3 · Entry & Preflight", "reply_chars": 15}
{"timestamp": "2026-10-04T12:03:38.819107+00:00", "role": "env-check", "task": "", "session_id": "", "status": "complete", "substrate": "workflow", "phase_label": "P3 · Env Check", "reply_chars": 15}
{"timestamp": "2026-10-04T12:04:00.284234+00:00", "role": "ctx-regen-1", "task": "", "session_id": "", "status": "complete", "substrate": "workflow", "phase_label": "P3 · Load FRs", "reply_chars": 13}
{"timestamp": "2026-10-04T12:04:23.433049+00:00", "role": "load-ctx-a1", "task": "", "session_id": "", "status": "complete", "substrate": "workflow", "phase_label": "P3 · Load FRs", "reply_chars": 15}
{"timestamp": "2026-10-04T12:05:03.412377+00:00", "role": "gate1-precheck", "task": "", "session_id": "", "status": "complete", "substrate": "workflow", "phase_label": "P3 · Load FRs", "reply_chars": 15}
{"timestamp": "2026-10-04T12:07:25.854083+00:00", "role": "tool:amend-sab", "task": "amend-sab for taskq-open (deterministic tool)", "session_id": "", "status": "COMPLETED", "substrate": "python", "step": "AMEND-SAB", "tool_kind": "amend-sab", "outcome": "completed", "rc": 0, "src_dir": "03-development/src", "dry_run": false, "strict": false}
{"timestamp": "2026-10-04T12:08:12.061873+00:00", "role": "tool:amend-sab", "task": "amend-sab for taskq-open (deterministic tool)", "session_id": "", "status": "COMPLETED", "substrate": "python", "step": "AMEND-SAB", "tool_kind": "amend-sab", "outcome": "declared", "rc": 0, "src_dir": "03-development/src", "dry_run": false, "strict": false}
{"timestamp": "2026-10-04T12:13:19.511166+00:00", "role": "developer", "task": "You are a Gate 1 evaluator. Your task: run Gate 1 evaluation for FR-03.\n\n[FR REQUIREMENTS — what FR-03 was supposed to deliver]\n### FR-03: API Key 認證\n\nCitation: SPEC L101-107.\n\n**Acceptance criteria (", "session_id": "a1b878f2-6bab-42d6-a599-dab4bbc1f384", "status": "complete", "substrate": "python", "phase": 3, "fr_id": "FR-03", "regression_flags": {}, "error_output": "{\"status\":\"DONE\",\"gate_score\":0.0,\"pass\":false,\"failing_dims\":[\"type_safety\",\"test_coverage\",\"architecture_constraints\"],\"commit\":null,\"summary\":\"[BLOCKED] tool_evidence_missing\"}", "exit_code": null, "duration_seconds": 174.331, "dispatch_attempt": 1, "total_cost_usd": 0.660508, "num_turns": 25, "duration_api_ms": 159215, "usage": {"input_tokens": 48341, "output_tokens": 4971, "cache_read_input_tokens": 589056, "cache_creation_input_tokens": 0}}
{"timestamp": "2026-10-04T12:15:05.508010+00:00", "role": "developer", "task": "You are a coverage fixer for FR-03.\n\n[FORBIDDEN — read first]\n- Deleting or xfail-marking existing tests\n- Adding `# pragma: no cover` to lines that CAN be tested (only use it as a last resort for gen", "session_id": "07f7ed20-8ec4-420a-aa7b-c7813388bdf9", "status": "complete", "substrate": "python", "phase": 3, "fr_id": "FR-03", "regression_flags": {}, "error_output": "{\"status\":\"DONE\",\"coverage_pct\":100,\"tests_added\":1,\"pragmas_added\":0,\"commit\":\"d2b68e8870efb1b351e76f12316ef6fcdb98de36\",\"summary\":\"Added in-process CLI validation test\"}", "exit_code": null, "duration_seconds": 104.775, "retry_round": 1, "dispatch_attempt": 1, "total_cost_usd": 0.43038699999999996, "num_turns": 22, "duration_api_ms": 99950, "usage": {"input_tokens": 38884, "output_tokens": 3159, "cache_read_input_tokens": 313984, "cache_creation_input_tokens": 0}}
{"timestamp": "2026-10-04T12:17:15.416902+00:00", "role": "developer", "task": "You are a Gate 1 evaluator. Your task: run Gate 1 evaluation for FR-03.\n\n[FR REQUIREMENTS — what FR-03 was supposed to deliver]\n### FR-03: API Key 認證\n\nCitation: SPEC L101-107.\n\n**Acceptance criteria (", "session_id": "e0e1a49f-bd98-438f-b646-e88309e5b4e3", "status": "complete", "substrate": "python", "phase": 3, "fr_id": "FR-03", "regression_flags": {}, "error_output": "{\"status\":\"DONE\",\"gate_score\":0.0,\"pass\":false,\"failing_dims\":[\"type_safety\",\"test_coverage\"],\"commit\":null,\"summary\":\"GATE 1 BLOCKED: tool_evidence_missing\"}", "exit_code": null, "duration_seconds": 129.843, "dispatch_attempt": 1, "total_cost_usd": 0.5092260000000001, "num_turns": 16, "duration_api_ms": 114358, "usage": {"input_tokens": 45035, "output_tokens": 4299, "cache_read_input_tokens": 353152, "cache_creation_input_tokens": 0}}
{"timestamp": "2026-10-04T12:17:56.411719+00:00", "role": "developer", "task": "You are a coverage fixer for FR-03.\n\n[FORBIDDEN — read first]\n- Deleting or xfail-marking existing tests\n- Adding `# pragma: no cover` to lines that CAN be tested (only use it as a last resort for gen", "session_id": "94e9cbd2-b2ee-40e5-bae7-6953a196b7cf", "status": "complete", "substrate": "python", "phase": 3, "fr_id": "FR-03", "regression_flags": {}, "error_output": "{\"status\":\"DONE\",\"coverage_pct\":100,\"tests_added\":1,\"pragmas_added\":0,\"commit\":\"d2b68e8870efb1b351e76f12316ef6fcdb98de36\",\"summary\":\"FR-03 coverage complete; 9 tests pass\"}", "exit_code": null, "duration_seconds": 39.897, "retry_round": 2, "dispatch_attempt": 1, "total_cost_usd": 0.21595099999999998, "num_turns": 9, "duration_api_ms": 38240, "usage": {"input_tokens": 25990, "output_tokens": 985, "cache_read_input_tokens": 122752, "cache_creation_input_tokens": 0}}
{"timestamp": "2026-10-04T12:25:10.873222+00:00", "role": "developer", "task": "You are a Gate 1 evaluator. Your task: run Gate 1 evaluation for FR-03.\n\n[FR REQUIREMENTS — what FR-03 was supposed to deliver]\n### FR-03: API Key 認證\n\nCitation: SPEC L101-107.\n\n**Acceptance criteria (", "session_id": "e2486960-f75c-4d2c-ab24-f58288a8f066", "status": "complete", "substrate": "python", "phase": 3, "fr_id": "FR-03", "regression_flags": {}, "error_output": "{\"status\":\"DONE\",\"gate_score\":0.0,\"pass\":false,\"failing_dims\":[\"type_safety\",\"test_coverage\"],\"commit\":null,\"summary\":\"tool_evidence_missing\"}", "exit_code": null, "duration_seconds": 434.392, "dispatch_attempt": 1, "total_cost_usd": 0.413008, "num_turns": 18, "duration_api_ms": 418103, "usage": {"input_tokens": 30272, "output_tokens": 5264, "cache_read_input_tokens": 260096, "cache_creation_input_tokens": 0}}
{"timestamp": "2026-10-04T12:30:51.732995+00:00", "role": "developer", "task": "You are a Gate 1 evaluator. Your task: run Gate 1 evaluation for FR-03.\n\n[FR REQUIREMENTS — what FR-03 was supposed to deliver]\n### FR-03: API Key 認證\n\nCitation: SPEC L101-107.\n\n**Acceptance criteria (", "session_id": "f2930a3f-e746-44d2-b82f-cecc82fa0792", "status": "complete", "substrate": "python", "phase": 3, "fr_id": "FR-03", "regression_flags": {}, "error_output": "{\"status\":\"DONE\",\"gate_score\":0.0,\"pass\":false,\"failing_dims\":[\"test_coverage\",\"architecture_constraints\"],\"commit\":null,\"summary\":\"GATE 1 BLOCKED: tool_evidence_missing\"}", "exit_code": null, "duration_seconds": 170.137, "dispatch_attempt": 1, "total_cost_usd": 0.6344100000000001, "num_turns": 22, "duration_api_ms": 155013, "usage": {"input_tokens": 44473, "output_tokens": 5269, "cache_read_input_tokens": 560640, "cache_creation_input_tokens": 0}}
{"timestamp": "2026-10-04T12:31:42.204171+00:00", "role": "developer", "task": "You are a coverage fixer for FR-03.\n\n[FORBIDDEN — read first]\n- Deleting or xfail-marking existing tests\n- Adding `# pragma: no cover` to lines that CAN be tested (only use it as a last resort for gen", "session_id": "474c49dc-cd31-488f-a820-15ac60e1d9b8", "status": "complete", "substrate": "python", "phase": 3, "fr_id": "FR-03", "regression_flags": {}, "error_output": "{\"status\":\"DONE\",\"coverage_pct\":100,\"tests_added\":1,\"pragmas_added\":0,\"commit\":\"d2b68e8870efb1b351e76f12316ef6fcdb98de36\",\"summary\":\"FR-03 target coverage reached 100%\"}", "exit_code": null, "duration_seconds": 49.378, "retry_round": 1, "dispatch_attempt": 1, "total_cost_usd": 0.248463, "num_turns": 10, "duration_api_ms": 46664, "usage": {"input_tokens": 29073, "output_tokens": 1610, "cache_read_input_tokens": 125696, "cache_creation_input_tokens": 0}}
{"timestamp": "2026-10-04T12:34:58.699896+00:00", "role": "developer", "task": "You are a Gate 1 evaluator. Your task: run Gate 1 evaluation for FR-03.\n\n[FR REQUIREMENTS — what FR-03 was supposed to deliver]\n### FR-03: API Key 認證\n\nCitation: SPEC L101-107.\n\n**Acceptance criteria (", "session_id": "b77051ec-8add-45a3-9071-abcf25e9e606", "status": "complete", "substrate": "python", "phase": 3, "fr_id": "FR-03", "regression_flags": {}, "error_output": "{\"status\":\"DONE\",\"gate_score\":75.0,\"pass\":false,\"failing_dims\":[\"architecture_constraints\",\"test_coverage\"],\"commit\":null,\"summary\":\"GATE 1 BLOCKED: tool_evidence_missing\"}", "exit_code": null, "duration_seconds": 196.435, "dispatch_attempt": 1, "total_cost_usd": 0.7171670000000002, "num_turns": 24, "duration_api_ms": 181791, "usage": {"input_tokens": 50640, "output_tokens": 5879, "cache_read_input_tokens": 633984, "cache_creation_input_tokens": 0}}
{"timestamp": "2026-10-04T12:35:48.514057+00:00", "role": "developer", "task": "You are a coverage fixer for FR-03.\n\n[FORBIDDEN — read first]\n- Deleting or xfail-marking existing tests\n- Adding `# pragma: no cover` to lines that CAN be tested (only use it as a last resort for gen", "session_id": "1fa525f2-9318-4b25-8029-ef96f9460401", "status": "complete", "substrate": "python", "phase": 3, "fr_id": "FR-03", "regression_flags": {}, "error_output": "{\"status\":\"DONE\",\"coverage_pct\":100,\"tests_added\":1,\"pragmas_added\":0,\"commit\":\"d2b68e8870efb1b351e76f12316ef6fcdb98de36\",\"summary\":\"FR-03 coverage complete\"}", "exit_code": null, "duration_seconds": 48.769, "retry_round": 2, "dispatch_attempt": 1, "total_cost_usd": 0.235422, "num_turns": 11, "duration_api_ms": 47306, "usage": {"input_tokens": 29502, "output_tokens": 1768, "cache_read_input_tokens": 87424, "cache_creation_input_tokens": 0}}
{"timestamp": "2026-10-04T12:38:01.137141+00:00", "role": "developer", "task": "You are a Gate 1 evaluator. Your task: run Gate 1 evaluation for FR-03.\n\n[FR REQUIREMENTS — what FR-03 was supposed to deliver]\n### FR-03: API Key 認證\n\nCitation: SPEC L101-107.\n\n**Acceptance criteria (", "session_id": "feac805e-2f7f-4f2a-97d7-d62b5b22f3cc", "status": "complete", "substrate": "python", "phase": 3, "fr_id": "FR-03", "regression_flags": {}, "error_output": "{\"status\":\"DONE\",\"gate_score\":0.0,\"pass\":false,\"failing_dims\":[\"test_coverage\",\"architecture_constraints\"],\"commit\":null,\"summary\":\"GATE 1 BLOCKED: tool_evidence_missing\"}", "exit_code": null, "duration_seconds": 132.557, "dispatch_attempt": 1, "total_cost_usd": 0.49242900000000006, "num_turns": 17, "duration_api_ms": 117103, "usage": {"input_tokens": 44230, "output_tokens": 3847, "cache_read_input_tokens": 350208, "cache_creation_input_tokens": 0}}
{"timestamp": "2026-10-04T13:02:53.001941+00:00", "role": "developer", "task": "You are a Gate 1 evaluator. Your task: run Gate 1 evaluation for FR-03.\n\n[FR REQUIREMENTS — what FR-03 was supposed to deliver]\n### FR-03: API Key 認證\n\nCitation: SPEC L101-107.\n\n**Acceptance criteria (", "session_id": "b8562b40-f9e9-4fb2-a45c-083a38ca719d", "status": "complete", "substrate": "python", "phase": 3, "fr_id": "FR-03", "regression_flags": {}, "error_output": "{\"status\":\"DONE\",\"gate_score\":0.0,\"pass\":false,\"failing_dims\":[\"test_coverage\",\"architecture_constraints\"],\"commit\":null,\"summary\":\"GATE 1 BLOCKED: tool_evidence_missing\"}", "exit_code": null, "duration_seconds": 161.445, "dispatch_attempt": 1, "total_cost_usd": 0.435423, "num_turns": 17, "duration_api_ms": 147207, "usage": {"input_tokens": 29901, "output_tokens": 6350, "cache_read_input_tokens": 254336, "cache_creation_input_tokens": 0}}
{"timestamp": "2026-10-04T13:04:07.212033+00:00", "role": "developer", "task": "You are a coverage fixer for FR-03.\n\n[FORBIDDEN — read first]\n- Deleting or xfail-marking existing tests\n- Adding `# pragma: no cover` to lines that CAN be tested (only use it as a last resort for gen", "session_id": "eea06b60-e3e5-490d-9141-86d156677fc2", "status": "complete", "substrate": "python", "phase": 3, "fr_id": "FR-03", "regression_flags": {}, "error_output": "{\"status\":\"DONE\",\"coverage_pct\":100,\"tests_added\":0,\"pragmas_added\":0,\"commit\":\"d2b68e8870efb1b351e76f12316ef6fcdb98de36\",\"summary\":\"Coverage already complete; no changes\"}", "exit_code": null, "duration_seconds": 73.196, "retry_round": 1, "dispatch_attempt": 1, "total_cost_usd": 0.22688999999999998, "num_turns": 15, "duration_api_ms": 71903, "usage": {"input_tokens": 17630, "output_tokens": 3028, "cache_read_input_tokens": 126080, "cache_creation_input_tokens": 0}}
{"timestamp": "2026-10-04T13:06:19.376441+00:00", "role": "developer", "task": "You are a Gate 1 evaluator. Your task: run Gate 1 evaluation for FR-03.\n\n[FR REQUIREMENTS — what FR-03 was supposed to deliver]\n### FR-03: API Key 認證\n\nCitation: SPEC L101-107.\n\n**Acceptance criteria (", "session_id": "a6ceef9e-aeee-4b81-979f-78aa9cb696ba", "status": "complete", "substrate": "python", "phase": 3, "fr_id": "FR-03", "regression_flags": {}, "error_output": "{\"status\":\"DONE\",\"gate_score\":0.0,\"pass\":false,\"failing_dims\":[\"test_coverage\"],\"commit\":null,\"summary\":\"BLOCKED: tool_evidence_missing\"}", "exit_code": null, "duration_seconds": 132.097, "dispatch_attempt": 1, "total_cost_usd": 0.471225, "num_turns": 20, "duration_api_ms": 109971, "usage": {"input_tokens": 40733, "output_tokens": 4520, "cache_read_input_tokens": 309120, "cache_creation_input_tokens": 0}}
{"timestamp": "2026-10-04T13:07:12.012955+00:00", "role": "developer", "task": "You are a coverage fixer for FR-03.\n\n[FORBIDDEN — read first]\n- Deleting or xfail-marking existing tests\n- Adding `# pragma: no cover` to lines that CAN be tested (only use it as a last resort for gen", "session_id": "125c5e05-aa2a-404f-bcc8-99e97dd61abd", "status": "complete", "substrate": "python", "phase": 3, "fr_id": "FR-03", "regression_flags": {}, "error_output": "{\"status\":\"DONE\",\"coverage_pct\":100,\"tests_added\":0,\"pragmas_added\":0,\"commit\":\"d2b68e8870efb1b351e76f12316ef6fcdb98de36\",\"summary\":\"Coverage already fixed; all tests present\"}", "exit_code": null, "duration_seconds": 51.622, "retry_round": 2, "dispatch_attempt": 1, "total_cost_usd": 0.315663, "num_turns": 11, "duration_api_ms": 50221, "usage": {"input_tokens": 41811, "output_tokens": 1968, "cache_read_input_tokens": 114816, "cache_creation_input_tokens": 0}}
{"timestamp": "2026-10-04T13:10:28.181225+00:00", "role": "developer", "task": "You are a Gate 1 evaluator. Your task: run Gate 1 evaluation for FR-03.\n\n[FR REQUIREMENTS — what FR-03 was supposed to deliver]\n### FR-03: API Key 認證\n\nCitation: SPEC L101-107.\n\n**Acceptance criteria (", "session_id": "116c4bbc-538e-4f54-812e-16e04945e4df", "status": "complete", "substrate": "python", "phase": 3, "fr_id": "FR-03", "regression_flags": {}, "error_output": "{\"status\":\"DONE\",\"gate_score\":0.0,\"pass\":false,\"failing_dims\":[\"test_coverage\"],\"commit\":null,\"summary\":\"BLOCKED: test_coverage tool_evidence_missing\"}", "exit_code": null, "duration_seconds": 196.103, "dispatch_attempt": 1, "total_cost_usd": 0.500854, "num_turns": 13, "duration_api_ms": 173761, "usage": {"input_tokens": 34832, "output_tokens": 6102, "cache_read_input_tokens": 348288, "cache_creation_input_tokens": 0}}
{"timestamp": "2026-10-04T13:12:30.183676+00:00", "role": "tdd-FR-03", "task": "", "session_id": "", "status": "complete", "substrate": "workflow", "phase_label": "P3 · Per-FR TDD", "reply_chars": 15}
{"timestamp": "2026-10-04T13:12:51.821755+00:00", "role": "gate1-verify-FR-03", "task": "", "session_id": "", "status": "complete", "substrate": "workflow", "phase_label": "P3 · Per-FR TDD", "reply_chars": 15}
{"timestamp": "2026-10-04T13:48:06.436502+00:00", "role": "resolve-repo", "task": "", "session_id": "", "status": "complete", "substrate": "workflow", "phase_label": "", "reply_chars": 38}
{"timestamp": "2026-10-04T13:48:12.550657+00:00", "role": "phase-cursor", "task": "", "session_id": "", "status": "complete", "substrate": "workflow", "phase_label": "Phase Cursor", "reply_chars": 15}
{"timestamp": "2026-10-04T13:49:08.411581+00:00", "role": "preflight", "task": "", "session_id": "", "status": "complete", "substrate": "workflow", "phase_label": "P3 · Entry & Preflight", "reply_chars": 15}
{"timestamp": "2026-10-04T14:20:15.336185+00:00", "role": "tool:amend-sab", "task": "amend-sab for taskq-open (deterministic tool)", "session_id": "", "status": "COMPLETED", "substrate": "python", "step": "AMEND-SAB", "tool_kind": "amend-sab", "outcome": "dry_run", "rc": 0, "src_dir": "03-development/src", "dry_run": true, "strict": false}
{"timestamp": "2026-10-04T14:20:53.013950+00:00", "role": "resolve-repo", "task": "", "session_id": "", "status": "complete", "substrate": "workflow", "phase_label": "", "reply_chars": 38}
{"timestamp": "2026-10-04T14:20:59.166779+00:00", "role": "phase-cursor", "task": "", "session_id": "", "status": "complete", "substrate": "workflow", "phase_label": "Phase Cursor", "reply_chars": 15}
{"timestamp": "2026-10-04T14:21:42.832734+00:00", "role": "preflight", "task": "", "session_id": "", "status": "complete", "substrate": "workflow", "phase_label": "P3 · Entry & Preflight", "reply_chars": 15}
{"timestamp": "2026-10-04T14:22:40.731809+00:00", "role": "env-check", "task": "", "session_id": "", "status": "complete", "substrate": "workflow", "phase_label": "P3 · Env Check", "reply_chars": 15}
{"timestamp": "2026-10-04T14:22:47.495642+00:00", "role": "ctx-regen-1", "task": "", "session_id": "", "status": "complete", "substrate": "workflow", "phase_label": "P3 · Load FRs", "reply_chars": 13}
{"timestamp": "2026-10-04T14:22:55.291463+00:00", "role": "load-ctx-a1", "task": "", "session_id": "", "status": "complete", "substrate": "workflow", "phase_label": "P3 · Load FRs", "reply_chars": 15}
{"timestamp": "2026-10-04T14:23:02.143630+00:00", "role": "gate1-precheck", "task": "", "session_id": "", "status": "complete", "substrate": "workflow", "phase_label": "P3 · Load FRs", "reply_chars": 15}
{"timestamp": "2026-10-04T14:24:08.049209+00:00", "role": "developer", "task": "You are a Gate 1 evaluator. Your task: run Gate 1 evaluation for FR-03.\n\n[FR REQUIREMENTS — what FR-03 was supposed to deliver]\n### FR-03: API Key 認證\n\nCitation: SPEC L101-107.\n\n**Acceptance criteria (", "session_id": "f4c3877f-f347-4176-b3f1-c70c80c7d65f", "status": "complete", "substrate": "python", "phase": 3, "fr_id": "FR-03", "regression_flags": {}, "error_output": "{\"status\": \"DONE\", \"gate_score\": 0.0, \"pass\": false, \"failing_dims\": [\"architecture_constraints\"], \"commit\": null, \"summary\": \"BLOCKED: arch_contract_coverage\"}\n\nAll four tools passed, but `finalize-gate` blocked Gate 1 for FR-03 and scored it 0.0.\n\n- **Tool results:**\n  - ruff: clean.\n  - pyright: 0 errors.\n  - pytest: 9 passed, with 100% coverage (68/68 statements) on `auth.py`, `api_keys.py` and `cli.py`.\n  - lint-imports: 3 contracts kept, 0 broken.\n  - spec coverage: 8/8 required tests exis", "exit_code": null, "duration_seconds": 49.917, "dispatch_attempt": 1, "total_cost_usd": 0.11446960000000002, "num_turns": 5, "duration_api_ms": 15670, "usage": {"input_tokens": 10, "output_tokens": 2030, "cache_read_input_tokens": 68108, "cache_creation_input_tokens": 20132}}
{"timestamp": "2026-10-04T14:24:24.741043+00:00", "role": "developer", "task": "You are a code fixer. Gate 1 FAILED for FR-03. Fix the failing dimensions.\n\n[FORBIDDEN — read before anything else]\n- Modifying test files\n- app/infrastructure/ paths\n\n[FR REQUIREMENTS — the code you ", "session_id": "eadad966-df2c-4afc-93bf-6ba92947396f", "status": "complete", "substrate": "python", "phase": 3, "fr_id": "FR-03", "regression_flags": {}, "error_output": "I made no code change and no commit, because I couldn't find an `architecture_constraints` failure to fix.\n\n- **Linter:** I ran import-linter against the current source with `PYTHONPATH=03-development/src lint-imports`. All 3 contracts are kept: layers, independence, and no sqlalchemy outside the repository. The harness evidence file `architecture_constraints_harness.txt` also shows 100 and 3 kept.\n- **Tests:** `test_fr03.py` passes, 9 tests.\n- **Missing prompt:** `harness/ssi/prompts/evaluate_d", "exit_code": null, "duration_seconds": 15.67, "retry_round": 1, "dispatch_attempt": 1, "total_cost_usd": 0.06307940000000001, "num_turns": 6, "duration_api_ms": 13186, "usage": {"input_tokens": 12, "output_tokens": 1159, "cache_read_input_tokens": 89947, "cache_creation_input_tokens": 8369}}
{"timestamp": "2026-10-04T14:25:18.733037+00:00", "role": "developer", "task": "You are a Gate 1 evaluator. Your task: run Gate 1 evaluation for FR-03.\n\n[FR REQUIREMENTS — what FR-03 was supposed to deliver]\n### FR-03: API Key 認證\n\nCitation: SPEC L101-107.\n\n**Acceptance criteria (", "session_id": "a651eeb5-b1a5-4623-9984-b570605fe138", "status": "complete", "substrate": "python", "phase": 3, "fr_id": "FR-03", "regression_flags": {}, "error_output": "{\"status\": \"DONE\", \"gate_score\": 0.0, \"pass\": false, \"failing_dims\": [\"architecture_constraints\"], \"commit\": null, \"summary\": \"BLOCKED: arch_contract_coverage\"}\n\nAll four tools passed: ruff clean, pyright 0 errors, 9 FR-03 tests passed at 100% coverage with 8/8 spec tests, and lint-imports 3 contracts kept. finalize-gate still BLOCKED the gate, so the composite score is 0.0.\n\nThe first finalize-gate run was blocked because my pyright evidence was a paraphrase. I replaced it with the raw captured", "exit_code": null, "duration_seconds": 53.943, "dispatch_attempt": 1, "total_cost_usd": 0.0512098, "num_turns": 5, "duration_api_ms": 14274, "usage": {"input_tokens": 10, "output_tokens": 1985, "cache_read_input_tokens": 84799, "cache_creation_input_tokens": 3595}}
{"timestamp": "2026-10-04T14:25:40.664304+00:00", "role": "developer", "task": "You are a code fixer. Gate 1 FAILED for FR-03. Fix the failing dimensions.\n\n[FORBIDDEN — read before anything else]\n- Modifying test files\n- app/infrastructure/ paths\n\n[FR REQUIREMENTS — the code you ", "session_id": "9d8e94f2-f6bb-4ed9-a33d-cc246171155c", "status": "complete", "substrate": "python", "phase": 3, "fr_id": "FR-03", "regression_flags": {}, "error_output": "I made no source changes and no commit. `architecture_constraints` already passes, so there was nothing in `03-development/src/` for me to fix.\n\n- **Criteria:** the prompt file is at `harness/harness/ssi/prompts/evaluate_dimension.md`, not `harness/ssi/prompts/`. It scores `architecture_constraints` as import-linter exit 0 → 100, anything else → 0.\n- **Current state:** running `PYTHONPATH=03-development/src lint-imports` on the current tree analyzed 72 files and kept all 3 contracts (layers, ind", "exit_code": null, "duration_seconds": 20.921, "retry_round": 2, "dispatch_attempt": 1, "total_cost_usd": 0.060256, "num_turns": 7, "duration_api_ms": 19361, "usage": {"input_tokens": 14, "output_tokens": 1521, "cache_read_input_tokens": 106470, "cache_creation_input_tokens": 5931}}
{"timestamp": "2026-10-04T14:26:38.633377+00:00", "role": "developer", "task": "You are a Gate 1 evaluator. Your task: run Gate 1 evaluation for FR-03.\n\n[FR REQUIREMENTS — what FR-03 was supposed to deliver]\n### FR-03: API Key 認證\n\nCitation: SPEC L101-107.\n\n**Acceptance criteria (", "session_id": "ce6f1e88-dcf3-4d19-8c7f-15ced2c63403", "status": "complete", "substrate": "python", "phase": 3, "fr_id": "FR-03", "regression_flags": {}, "error_output": "{\"status\": \"DONE\", \"gate_score\": 0.0, \"pass\": false, \"failing_dims\": [\"architecture_constraints\"], \"commit\": null, \"summary\": \"BLOCKED: arch_contract_coverage (cli, __main__)\"}\n\nAll four dimension tools scored 100, but finalize-gate still blocked the gate with composite 0.0.\n\n- **Dimensions:** ruff passed, pyright reported 0 errors, and the 9 FR-03 tests passed. The three FR-03 source files are at 100% coverage (68/68 statements), and spec coverage is 8/8. lint-imports kept all 3 contracts.\n- **", "exit_code": null, "duration_seconds": 57.907, "dispatch_attempt": 1, "total_cost_usd": 0.06734540000000001, "num_turns": 6, "duration_api_ms": 24704, "usage": {"input_tokens": 12, "output_tokens": 2260, "cache_read_input_tokens": 100947, "cache_creation_input_tokens": 6133}}
{"timestamp": "2026-10-04T14:27:16.928050+00:00", "role": "developer", "task": "You are a code fixer. Gate 1 FAILED for FR-03. Fix the failing dimensions.\n\n[FORBIDDEN — read before anything else]\n- Modifying test files\n- app/infrastructure/ paths\n\n[FR REQUIREMENTS — the code you ", "session_id": "58bed1bf-ef8c-4060-98b1-65f2fa04135b", "status": "complete", "substrate": "python", "phase": 3, "fr_id": "FR-03", "regression_flags": {}, "error_output": "{\"status\": \"DONE\", \"dims_fixed\": [\"architecture_constraints\"], \"commit\": \"0a5d188\", \"summary\": \"Cover cli/__main__ in import contracts\"}\n\nThe import-linter contracts already passed. The real gap was that `taskq_api.cli` and `taskq_api.__main__` sat outside every contract, so I added them to `.importlinter`.\n\n- **Contracts:** `__main__` and `cli` now sit in the layers contract, with `cli` alongside `app`. Both are also listed in the no-sqlalchemy contract. `lint-imports` reports 3 kept, 0 broken,", "exit_code": null, "duration_seconds": 37.266, "retry_round": 3, "dispatch_attempt": 1, "total_cost_usd": 0.1209656, "num_turns": 12, "duration_api_ms": 34166, "usage": {"input_tokens": 22, "output_tokens": 2931, "cache_read_input_tokens": 204498, "cache_creation_input_tokens": 12678}}
{"timestamp": "2026-10-04T14:28:13.657701+00:00", "role": "developer", "task": "You are a Gate 1 evaluator. Your task: run Gate 1 evaluation for FR-03.\n\n[FR REQUIREMENTS — what FR-03 was supposed to deliver]\n### FR-03: API Key 認證\n\nCitation: SPEC L101-107.\n\n**Acceptance criteria (", "session_id": "3da276de-0654-47ae-96f7-e69adc21a8b4", "status": "complete", "substrate": "python", "phase": 3, "fr_id": "FR-03", "regression_flags": {}, "error_output": "Gate 1 for FR-03 is blocked at finalize-gate, so I'm stopping here and reporting it. The four dimension tools all passed, and finalize-gate still blocks on a mismatch between the SAB declaration and the import-linter config.\n\n**Tool results**\n- **Linting:** ruff passed with no violations (100).\n- **Type safety:** pyright reported 0 errors (100).\n- **Test coverage:** 9 of 9 FR-03 tests passed, coverage on the FR-03 files is 68/68 (100%), and spec coverage is 8/8 (100).\n- **Architecture:** `lint-i", "exit_code": null, "duration_seconds": 56.662, "dispatch_attempt": 1, "total_cost_usd": 0.0887444, "num_turns": 6, "duration_api_ms": 21203, "usage": {"input_tokens": 12, "output_tokens": 2461, "cache_read_input_tokens": 96192, "cache_creation_input_tokens": 11218}}
{"timestamp": "2026-10-04T14:30:17.454893+00:00", "role": "developer", "task": "You are a Gate 1 evaluator. Your task: run Gate 1 evaluation for FR-03.\n\n[FR REQUIREMENTS — what FR-03 was supposed to deliver]\n### FR-03: API Key 認證\n\nCitation: SPEC L101-107.\n\n**Acceptance criteria (", "session_id": "92cb587f-f35b-4470-83db-3bdd954983a5", "status": "complete", "substrate": "python", "phase": 3, "fr_id": "FR-03", "regression_flags": {}, "error_output": "Finalize-gate is blocked again, this time by a config mismatch rather than the code. I'm not fixing it myself, since that is CODE-FIX's job.\n\n```json\n{\"status\": \"DONE\", \"gate_score\": 0.0, \"pass\": false, \"failing_dims\": [\"architecture_constraints\"], \"commit\": null, \"summary\": \"BLOCKED: import-linter contracts mismatch SAB\"}\n```\n\nAll four tools passed when I ran them:\n- **Linting:** ruff passed with no violations.\n- **Type safety:** pyright reported 0 errors.\n- **Test coverage:** 9 FR-03 tests pas", "exit_code": null, "duration_seconds": 54.81, "dispatch_attempt": 1, "total_cost_usd": 0.0617064, "num_turns": 5, "duration_api_ms": 18215, "usage": {"input_tokens": 10, "output_tokens": 2172, "cache_read_input_tokens": 81872, "cache_creation_input_tokens": 5898}}
{"timestamp": "2026-10-04T14:30:35.912685+00:00", "role": "developer", "task": "You are a code fixer. Gate 1 FAILED for FR-03. Fix the failing dimensions.\n\n[FORBIDDEN — read before anything else]\n- Modifying test files\n- app/infrastructure/ paths\n\n[FR REQUIREMENTS — the code you ", "session_id": "07d1f75c-5a71-4329-99ab-c034c6663387", "status": "complete", "substrate": "python", "phase": 3, "fr_id": "FR-03", "regression_flags": {}, "error_output": "```json\n{\"status\": \"DONE\", \"dims_fixed\": [], \"commit\": \"0a5d188\", \"summary\": \"No src change needed; contracts already kept\"}\n```\n\nI made no changes and created no new commit. `0a5d188` is the earlier \"address Gate1 failing dims\" commit, which edited `.importlinter`.\n\n- **No reproducible failure:** The task gave no architecture error text. I ran `lint-imports` with `PYTHONPATH=03-development/src`, and all 3 contracts are kept: layers, independence, and no sqlalchemy outside the repository.\n- **So", "exit_code": null, "duration_seconds": 17.444, "retry_round": 1, "dispatch_attempt": 1, "total_cost_usd": 0.0819884, "num_turns": 8, "duration_api_ms": 14842, "usage": {"input_tokens": 14, "output_tokens": 1554, "cache_read_input_tokens": 112962, "cache_creation_input_tokens": 10957}}
{"timestamp": "2026-10-04T14:31:45.670443+00:00", "role": "developer", "task": "You are a Gate 1 evaluator. Your task: run Gate 1 evaluation for FR-03.\n\n[FR REQUIREMENTS — what FR-03 was supposed to deliver]\n### FR-03: API Key 認證\n\nCitation: SPEC L101-107.\n\n**Acceptance criteria (", "session_id": "fb44bffc-baa7-40dc-8038-82e326487390", "status": "complete", "substrate": "python", "phase": 3, "fr_id": "FR-03", "regression_flags": {}, "error_output": "```json\n{\"status\": \"DONE\", \"gate_score\": 0.0, \"pass\": false, \"failing_dims\": [\"architecture_constraints\"], \"commit\": null, \"summary\": \"BLOCKED: importlinter contracts mismatch SAB\"}\n```\n\nAll four tools passed for FR-03, but `finalize-gate` blocked the gate and recorded a composite score of 0.0. My own scores were 100 on every dimension, so `gate_score: 0.0` above is the blocked result, not my measurement.\n\n**Tool results**\n- **Linting:** ruff passed with no violations.\n- **Type safety:** pyright", "exit_code": null, "duration_seconds": 69.691, "dispatch_attempt": 1, "total_cost_usd": 0.080004, "num_turns": 7, "duration_api_ms": 31202, "usage": {"input_tokens": 14, "output_tokens": 2792, "cache_read_input_tokens": 121680, "cache_creation_input_tokens": 6930}}
{"timestamp": "2026-10-04T14:32:04.213183+00:00", "role": "developer", "task": "You are a code fixer. Gate 1 FAILED for FR-03. Fix the failing dimensions.\n\n[FORBIDDEN — read before anything else]\n- Modifying test files\n- app/infrastructure/ paths\n\n[FR REQUIREMENTS — the code you ", "session_id": "b6d22a0d-4143-4607-bcea-8150c2d971db", "status": "complete", "substrate": "python", "phase": 3, "fr_id": "FR-03", "regression_flags": {}, "error_output": "I found nothing to fix for `architecture_constraints`, so I made no code change and no new commit.\n\n- **Failure evidence:** The task gave no error output for that dimension. The `gate1_result.json` in the repo is for FR-02, not FR-03, and it shows `architecture_constraints` at 100.\n- **What I ran:** `PYTHONPATH=03-development/src lint-imports` kept all 3 contracts (layers, independence, no sqlalchemy outside repository), with 0 broken.\n- **Tests:** `test_fr03.py` passes, 9 of 9.\n- **Commit:** I ", "exit_code": null, "duration_seconds": 17.535, "retry_round": 2, "dispatch_attempt": 1, "total_cost_usd": 0.051666199999999995, "num_turns": 6, "duration_api_ms": 14962, "usage": {"input_tokens": 12, "output_tokens": 1216, "cache_read_input_tokens": 91911, "cache_creation_input_tokens": 5275}}
{"timestamp": "2026-10-04T14:32:54.900566+00:00", "role": "developer", "task": "You are a Gate 1 evaluator. Your task: run Gate 1 evaluation for FR-03.\n\n[FR REQUIREMENTS — what FR-03 was supposed to deliver]\n### FR-03: API Key 認證\n\nCitation: SPEC L101-107.\n\n**Acceptance criteria (", "session_id": "02d3089f-b726-4e04-a3bb-fe0f23aafcd1", "status": "complete", "substrate": "python", "phase": 3, "fr_id": "FR-03", "regression_flags": {}, "error_output": "Gate 1 for FR-03 is blocked at finalize, so it did not pass. I did not touch the config; this is a configuration mismatch, not a code failure.\n\nAll four tools were clean:\n- **Linting:** ruff passed with no violations.\n- **Type safety:** pyright reported 0 errors.\n- **Test coverage:** 9 tests passed, 0 failed, 0 skipped. FR-03's source files are at 100% (68/68 statements) and all 8 required tests exist.\n- **Architecture:** `lint-imports` reported 3 contracts kept, 0 broken.\n\n`finalize-gate` block", "exit_code": null, "duration_seconds": 50.617, "dispatch_attempt": 1, "total_cost_usd": 0.05117519999999999, "num_turns": 5, "duration_api_ms": 14410, "usage": {"input_tokens": 10, "output_tokens": 2000, "cache_read_input_tokens": 84276, "cache_creation_input_tokens": 3575}}
{"timestamp": "2026-10-04T14:33:25.915320+00:00", "role": "developer", "task": "You are a code fixer. Gate 1 FAILED for FR-03. Fix the failing dimensions.\n\n[FORBIDDEN — read before anything else]\n- Modifying test files\n- app/infrastructure/ paths\n\n[FR REQUIREMENTS — the code you ", "session_id": "a367bccb-7c4d-4e8e-aaa5-6626b222d034", "status": "complete", "substrate": "python", "phase": 3, "fr_id": "FR-03", "regression_flags": {}, "error_output": "```json\n{\"status\": \"DONE\", \"dims_fixed\": [\"architecture_constraints\"], \"commit\": \"9f05ea2\", \"summary\": \"Sync SAB arch constraints with .importlinter\"}\n```\n\nI made the fix in `.methodology/SAB.json`, not in `03-development/src/`. `.importlinter` already listed `taskq_api.cli` and `taskq_api.__main__` as source modules, but the SAB `architecture_constraints` entries didn't. I added both to the layers and forbidden-sqlalchemy entries, and I committed the SAB file along with `src/`.\n\nI didn't read `", "exit_code": null, "duration_seconds": 29.998, "retry_round": 3, "dispatch_attempt": 1, "total_cost_usd": 0.1007204, "num_turns": 8, "duration_api_ms": 27026, "usage": {"input_tokens": 16, "output_tokens": 2147, "cache_read_input_tokens": 135132, "cache_creation_input_tokens": 13048}}
{"timestamp": "2026-10-04T14:34:10.906935+00:00", "role": "developer", "task": "You are a Gate 1 evaluator. Your task: run Gate 1 evaluation for FR-03.\n\n[FR REQUIREMENTS — what FR-03 was supposed to deliver]\n### FR-03: API Key 認證\n\nCitation: SPEC L101-107.\n\n**Acceptance criteria (", "session_id": "a6ae6b09-e289-4349-9777-541b0fc29190", "status": "complete", "substrate": "python", "phase": 3, "fr_id": "FR-03", "regression_flags": {}, "error_output": "The remaining block is a config mismatch between the SAB declaration and the import-linter contracts. Fixing it means editing configuration or the SAB, which is outside this evaluator's remit. I'm stopping here.\n\n```json\n{\"status\": \"DONE\", \"gate_score\": 100.0, \"pass\": false, \"failing_dims\": [\"architecture_constraints (finalize-gate BLOCKED: arch_constraint_unconfigured)\"], \"commit\": null, \"summary\": \"Tools pass 100; finalize blocked on arch config\"}\n```\n\nAll four dimensions scored 100 on the too", "exit_code": null, "duration_seconds": 44.923, "dispatch_attempt": 1, "total_cost_usd": 0.0810356, "num_turns": 5, "duration_api_ms": 16053, "usage": {"input_tokens": 10, "output_tokens": 2172, "cache_read_input_tokens": 77838, "cache_creation_input_tokens": 10932}}
{"timestamp": "2026-10-04T14:35:23.867597+00:00", "role": "tdd-FR-03", "task": "", "session_id": "", "status": "complete", "substrate": "workflow", "phase_label": "P3 · Per-FR TDD", "reply_chars": 15}
{"timestamp": "2026-10-04T14:35:31.156250+00:00", "role": "gate1-verify-FR-03", "task": "", "session_id": "", "status": "complete", "substrate": "workflow", "phase_label": "P3 · Per-FR TDD", "reply_chars": 15}
{"timestamp": "2026-10-04T14:36:32.453713+00:00", "role": "developer", "task": "You are a Gate 1 evaluator. Your task: run Gate 1 evaluation for FR-03.\n\n[FR REQUIREMENTS — what FR-03 was supposed to deliver]\n### FR-03: API Key 認證\n\nCitation: SPEC L101-107.\n\n**Acceptance criteria (", "session_id": "c0039a2d-30a5-45d9-bbbf-1fb0f1d746c0", "status": "complete", "substrate": "python", "phase": 3, "fr_id": "FR-03", "regression_flags": {}, "error_output": "```json\n{\"status\": \"DONE\", \"gate_score\": 0.0, \"pass\": false, \"failing_dims\": [\"architecture_constraints\"], \"commit\": null, \"summary\": \"BLOCKED: import-linter contracts mismatch SAB\"}\n```\n\nAll four tools passed on FR-03, but `finalize-gate` printed GATE 1 BLOCKED and recorded a composite score of 0.0. My own scores were 100 for linting, type safety, test coverage and architecture, so the overall score I wrote was 100.0.\n\n- **Linting:** `ruff` reported \"All checks passed!\".\n- **Type safety:** `pyr", "exit_code": null, "duration_seconds": 54.797, "dispatch_attempt": 1, "total_cost_usd": 0.06922239999999999, "num_turns": 6, "duration_api_ms": 21327, "usage": {"input_tokens": 12, "output_tokens": 2313, "cache_read_input_tokens": 102502, "cache_creation_input_tokens": 6392}}
{"timestamp": "2026-10-04T14:36:47.705439+00:00", "role": "developer", "task": "You are a code fixer. Gate 1 FAILED for FR-03. Fix the failing dimensions.\n\n[FORBIDDEN — read before anything else]\n- Modifying test files\n- app/infrastructure/ paths\n\n[FR REQUIREMENTS — the code you ", "session_id": "504aefeb-32b6-4442-9f3e-3025f1d63f7b", "status": "complete", "substrate": "python", "phase": 3, "fr_id": "FR-03", "regression_flags": {}, "error_output": "I made no code changes and no commit, because I couldn't reproduce the `architecture_constraints` failure.\n\n- **Failure evidence:** No architecture error output came with the task. The `.methodology/gate1_result.json` in the tree is for FR-02, not FR-03.\n- **Import-linter result:** With `PYTHONPATH=03-development/src`, `lint-imports` analyzed 72 files and kept all 3 contracts (layers, independence, no sqlalchemy outside repository), with none broken.\n- **Earlier fixes:** The earlier \"address Gat", "exit_code": null, "duration_seconds": 14.23, "retry_round": 1, "dispatch_attempt": 1, "total_cost_usd": 0.0516588, "num_turns": 6, "duration_api_ms": 12534, "usage": {"input_tokens": 10, "output_tokens": 1101, "cache_read_input_tokens": 69424, "cache_creation_input_tokens": 6686}}
{"timestamp": "2026-10-04T14:37:43.212163+00:00", "role": "developer", "task": "You are a Gate 1 evaluator. Your task: run Gate 1 evaluation for FR-03.\n\n[FR REQUIREMENTS — what FR-03 was supposed to deliver]\n### FR-03: API Key 認證\n\nCitation: SPEC L101-107.\n\n**Acceptance criteria (", "session_id": "e617ca02-fb40-42e1-b6af-0154ae8e6ed2", "status": "complete", "substrate": "python", "phase": 3, "fr_id": "FR-03", "regression_flags": {}, "error_output": "Gate 1 for FR-03 is blocked by finalize-gate. All four tool dimensions passed, and I'm stopping here instead of editing config.\n\n```json\n{\"status\": \"DONE\", \"gate_score\": 0.0, \"pass\": false, \"failing_dims\": [\"architecture_constraints (config mismatch)\"], \"commit\": null, \"summary\": \"BLOCKED: importlinter contracts differ from SAB\"}\n```\n\n**Tool results**\n- **Linting:** ruff passed, score 100.\n- **Type safety:** pyright reported 0 errors, score 100.\n- **Test coverage:** 9 of 9 pass, 100% coverage on", "exit_code": null, "duration_seconds": 55.439, "dispatch_attempt": 1, "total_cost_usd": 0.07256000000000001, "num_turns": 6, "duration_api_ms": 19240, "usage": {"input_tokens": 12, "output_tokens": 2608, "cache_read_input_tokens": 101000, "cache_creation_input_tokens": 6564}}
{"timestamp": "2026-10-04T14:38:12.506598+00:00", "role": "developer", "task": "You are a code fixer. Gate 1 FAILED for FR-03. Fix the failing dimensions.\n\n[FORBIDDEN — read before anything else]\n- Modifying test files\n- app/infrastructure/ paths\n\n[FR REQUIREMENTS — the code you ", "session_id": "994e883a-4b94-4fb5-934b-468012a32041", "status": "complete", "substrate": "python", "phase": 3, "fr_id": "FR-03", "regression_flags": {}, "error_output": "```json\n{\"status\": \"DONE\", \"dims_fixed\": [], \"commit\": \"9f05ea2\", \"summary\": \"No src defect; lint-imports passes in harness env\"}\n```\n\nI made no source changes and no new commit. `9f05ea2` is the existing HEAD, which already carries the same commit message.\n\n- **Contracts pass:** Run with the harness's `PYTHONPATH=03-development/src`, `lint-imports` analyzed 72 files and reported all 3 contracts kept (layers, independence, no sqlalchemy outside repository). The `.importlinter` contracts match SP", "exit_code": null, "duration_seconds": 28.282, "retry_round": 2, "dispatch_attempt": 1, "total_cost_usd": 0.1150996, "num_turns": 9, "duration_api_ms": 26198, "usage": {"input_tokens": 18, "output_tokens": 2223, "cache_read_input_tokens": 158088, "cache_creation_input_tokens": 15304}}
{"timestamp": "2026-10-04T14:39:19.497885+00:00", "role": "developer", "task": "You are a Gate 1 evaluator. Your task: run Gate 1 evaluation for FR-03.\n\n[FR REQUIREMENTS — what FR-03 was supposed to deliver]\n### FR-03: API Key 認證\n\nCitation: SPEC L101-107.\n\n**Acceptance criteria (", "session_id": "00f60ce1-5f96-415e-9e7a-66dc31235aaf", "status": "complete", "substrate": "python", "phase": 3, "fr_id": "FR-03", "regression_flags": {}, "error_output": "```json\n{\"status\": \"DONE\", \"gate_score\": 0.0, \"pass\": false, \"failing_dims\": [\"architecture_constraints (finalize-gate BLOCKED: arch_constraint_unconfigured)\"], \"commit\": null, \"summary\": \"Tools pass 100; finalize BLOCKED on SAB/.importlinter\"}\n```\n\nAll four tools passed, but `finalize-gate` blocked and Gate 1 did not pass.\n\n| Dimension | Result |\n|---|---|\n| Linting | `ruff check` exit 0 → 100 |\n| Type safety | pyright errorCount 0 → 100 |\n| Test coverage | 9 passed, 0 failed, 0 skipped; FR-03 ", "exit_code": null, "duration_seconds": 66.924, "dispatch_attempt": 1, "total_cost_usd": 0.0735022, "num_turns": 7, "duration_api_ms": 20126, "usage": {"input_tokens": 14, "output_tokens": 2836, "cache_read_input_tokens": 125971, "cache_creation_input_tokens": 4980}}
{"timestamp": "2026-10-04T14:40:03.401316+00:00", "role": "developer", "task": "You are a code fixer. Gate 1 FAILED for FR-03. Fix the failing dimensions.\n\n[FORBIDDEN — read before anything else]\n- Modifying test files\n- app/infrastructure/ paths\n\n[FR REQUIREMENTS — the code you ", "session_id": "c412c598-5aa2-47a8-b54c-4c5c3aff844f", "status": "complete", "substrate": "python", "phase": 3, "fr_id": "FR-03", "regression_flags": {}, "error_output": "```json\n{\"status\": \"DONE\", \"dims_fixed\": [\"architecture_constraints\"], \"commit\": \"5682a9f\", \"summary\": \"Align SAD arch constraints with importlinter\"}\n```\n\nThe gate blocked because the SAD's typed `architecture_constraints` didn't match `.importlinter`. The SAD still listed the old module set, without `taskq_api.__main__` and `taskq_api.cli`. I added those two modules to the layers and no-sqlalchemy constraints in `02-architecture/SAD.md`. `.importlinter` and `SAB.json` already had them. I edite", "exit_code": null, "duration_seconds": 42.88, "retry_round": 3, "dispatch_attempt": 1, "total_cost_usd": 0.09641680000000002, "num_turns": 9, "duration_api_ms": 28981, "usage": {"input_tokens": 18, "output_tokens": 2490, "cache_read_input_tokens": 137244, "cache_creation_input_tokens": 11008}}
{"timestamp": "2026-10-04T14:41:06.446105+00:00", "role": "developer", "task": "You are a Gate 1 evaluator. Your task: run Gate 1 evaluation for FR-03.\n\n[FR REQUIREMENTS — what FR-03 was supposed to deliver]\n### FR-03: API Key 認證\n\nCitation: SPEC L101-107.\n\n**Acceptance criteria (", "session_id": "37e296b0-0d75-4450-bda4-be6b84eab010", "status": "complete", "substrate": "python", "phase": 3, "fr_id": "FR-03", "regression_flags": {}, "error_output": "{\"status\": \"DONE\", \"gate_score\": 0.0, \"pass\": false, \"failing_dims\": [\"architecture_constraints\"], \"commit\": null, \"summary\": \"Blocked: .importlinter contracts differ from SAB\"}\n\nAll four dimensions scored 100 on my runs, but finalize-gate still blocked, so Gate 1 for FR-03 is not passed.\n\n**Dimension results**\n- **Linting:** ruff passed.\n- **Type safety:** pyright reported 0 errors.\n- **Test coverage:** 9 tests passed, none failed or skipped. FR-03's three source files are at 68/68 statements (", "exit_code": null, "duration_seconds": 62.977, "dispatch_attempt": 1, "total_cost_usd": 0.09604460000000001, "num_turns": 7, "duration_api_ms": 20624, "usage": {"input_tokens": 14, "output_tokens": 2700, "cache_read_input_tokens": 114583, "cache_creation_input_tokens": 11525}}
{"timestamp": "2026-10-04T14:41:20.885367+00:00", "role": "tdd-FR-03", "task": "", "session_id": "", "status": "complete", "substrate": "workflow", "phase_label": "P3 · Per-FR TDD", "reply_chars": 15}
{"timestamp": "2026-10-04T14:41:27.345292+00:00", "role": "gate1-verify-FR-03", "task": "", "session_id": "", "status": "complete", "substrate": "workflow", "phase_label": "P3 · Per-FR TDD", "reply_chars": 15}
{"timestamp": "2026-10-04T14:42:01.241772+00:00", "role": "developer", "task": "You are a TDD developer. Your ONLY task: write failing pytest tests for FR-04.\n\n\n[TEST SPEC — match these EXACT names]\nTEST_SPEC.md at `02-architecture/TEST_SPEC.md` defines 7 test cases for FR-04. Wr", "session_id": "f1e46dc8-f0c3-4e12-8a49-eda6ac4c102b", "status": "complete", "substrate": "python", "phase": 3, "fr_id": "FR-04", "regression_flags": {}, "error_output": "```json\n{\"status\": \"DONE\", \"test_file\": \"03-development/tests/test_fr04.py\", \"commit\": \"1ff3c71\", \"summary\": \"7 FR-04 tests; 4 fail (RED)\"}\n```\n\nFour of the seven tests fail and three pass. The three that pass already hold in the current code: `test_fr04_write_key_can_read`, `test_fr04_insufficient_scope_returns_403` and `test_sec_t02_insufficient_scope_returns_403`.\n\nThe four failures:\n- **`test_fr04_scope_hierarchy_matrix`:** a write key deleting a task gets 404 instead of 403.\n- **`test_fr04_", "exit_code": null, "duration_seconds": 30.3, "dispatch_attempt": 1, "total_cost_usd": 0.15951079999999998, "num_turns": 6, "duration_api_ms": 27864, "usage": {"input_tokens": 12, "output_tokens": 4396, "cache_read_input_tokens": 131714, "cache_creation_input_tokens": 22296}}
{"timestamp": "2026-10-04T14:45:14.560546+00:00", "role": "developer", "task": "You are a TDD developer. Your task: implement FR-04 until the failing test passes.\n\n[SAB — BINDING MODULE PATHS]\n`.methodology/SAB.json` assigns these modules to FR-04. Gate 1's Architecture Amendment", "session_id": "c0bffdc6-faec-482e-87e6-a548746aa1bd", "status": "complete", "substrate": "python", "phase": 3, "fr_id": "FR-04", "regression_flags": {}, "error_output": "FR-04 is not fully green: 6 of 7 tests in `test_fr04.py` pass, and `test_fr04_scope_hierarchy_matrix` still fails. I committed the work anyway as `094dc14`.\n\n```json\n{\"status\": \"BLOCKED\", \"files_changed\": [\"03-development/src/taskq_api/app.py\", \"03-development/src/taskq_api/api/deps.py\", \"03-development/src/taskq_api/api/error_handlers.py\", \"03-development/src/taskq_api/api/routes_tasks.py\", \"03-development/src/taskq_api/api/routes_runs.py\", \"03-development/src/taskq_api/api/routes_metrics.py\"],", "exit_code": null, "duration_seconds": 105.738, "dispatch_attempt": 1, "total_cost_usd": 0.32689640000000003, "num_turns": 17, "duration_api_ms": 81243, "usage": {"input_tokens": 34, "output_tokens": 8813, "cache_read_input_tokens": 530872, "cache_creation_input_tokens": 33131}}
{"timestamp": "2026-10-04T14:46:39.742466+00:00", "role": "developer", "task": "You are a TDD refactorer. Your task: improve FR-04 WITHOUT breaking tests.\n\n[SAB — BINDING MODULE PATHS]\n`.methodology/SAB.json` assigns these modules to FR-04. Gate 1's Architecture Amendment Protoco", "session_id": "f152d01b-8745-4dd3-967b-346478ad1696", "status": "complete", "substrate": "python", "phase": 3, "fr_id": "FR-04", "regression_flags": {}, "error_output": "{\"status\": \"DONE\", \"refactored\": true, \"commit\": \"13e1d91\", \"summary\": \"Moved scope hierarchy check into service.auth\"}\n\nThe FR-04 tests passed 7/7 before and after the change. The `auth.scope_includes` helper now holds the scope-hierarchy logic, and `require_scope` calls it and rejects an unknown scope name when the dependency is built. I didn't move or rename any SAB modules.\n\nIn the full test run, `test_fr05_health_endpoints_not_rate_limited` fails. It fails the same way with the pre-refactor", "exit_code": null, "duration_seconds": 26.936, "dispatch_attempt": 1, "total_cost_usd": 0.0553386, "num_turns": 4, "duration_api_ms": 15178, "usage": {"input_tokens": 8, "output_tokens": 1111, "cache_read_input_tokens": 57323, "cache_creation_input_tokens": 8187}}
{"timestamp": "2026-10-04T14:47:18.767920+00:00", "role": "tool:amend-sab", "task": "amend-sab for taskq-open (deterministic tool)", "session_id": "", "status": "COMPLETED", "substrate": "python", "step": "AMEND-SAB", "tool_kind": "amend-sab", "outcome": "completed", "rc": 0, "src_dir": "03-development/src", "dry_run": false, "strict": false}
{"timestamp": "2026-10-04T14:48:42.643347+00:00", "role": "developer", "task": "You are a Gate 1 evaluator. Your task: run Gate 1 evaluation for FR-04.\n\n[FR REQUIREMENTS — what FR-04 was supposed to deliver]\n### FR-04: Scope 授權\n\nCitation: SPEC L109-113.\n\n**Acceptance criteria (FR", "session_id": "2376e6f8-38c8-4013-84fb-7915325248ef", "status": "complete", "substrate": "python", "phase": 3, "fr_id": "FR-04", "regression_flags": {}, "error_output": "{\"status\": \"DONE\", \"gate_score\": 0.0, \"pass\": false, \"failing_dims\": [\"architecture_constraints\"], \"commit\": null, \"summary\": \"BLOCKED: import-linter config mismatches SAB\"}\n\nAll four tools ran and the dimension results are good. `finalize-gate` still printed `GATE 1 BLOCKED` (composite 0.0, 1 critical) for a reason that is configuration, not code.\n\n**Dimension results**\n- **linting:** ruff exited 0, so the score is 100.\n- **type_safety:** pyright reported errorCount 0, so the score is 100.\n- **", "exit_code": null, "duration_seconds": 79.367, "dispatch_attempt": 1, "total_cost_usd": 0.12317599999999998, "num_turns": 10, "duration_api_ms": 28553, "usage": {"input_tokens": 18, "output_tokens": 3741, "cache_read_input_tokens": 159870, "cache_creation_input_tokens": 13439}}
{"timestamp": "2026-10-04T14:49:00.953347+00:00", "role": "developer", "task": "You are a code fixer. Gate 1 FAILED for FR-04. Fix the failing dimensions.\n\n[FORBIDDEN — read before anything else]\n- Modifying test files\n- app/infrastructure/ paths\n\n[FR REQUIREMENTS — the code you ", "session_id": "283e4245-e27c-4777-b6e4-591cbf0eb7ba", "status": "complete", "substrate": "python", "phase": 3, "fr_id": "FR-04", "regression_flags": {}, "error_output": "Status update: I found nothing to fix for `architecture_constraints`, so I made no changes and no commit.\n\n- **Import Linter:** I ran it against the current tree with `PYTHONPATH=03-development/src lint-imports`. All 3 contracts are kept (layers, independence, no sqlalchemy outside repository), over 72 files and 204 dependencies. The only recorded harness evidence, `architecture_constraints_harness.txt`, also shows 3 kept, but it covers 45 files and an older run.\n- **AC-4.4:** Every `/v1` route ", "exit_code": null, "duration_seconds": 17.534, "retry_round": 1, "dispatch_attempt": 1, "total_cost_usd": 0.079186, "num_turns": 7, "duration_api_ms": 15828, "usage": {"input_tokens": 12, "output_tokens": 1663, "cache_read_input_tokens": 91420, "cache_creation_input_tokens": 11062}}
{"timestamp": "2026-10-04T14:50:01.022261+00:00", "role": "developer", "task": "You are a Gate 1 evaluator. Your task: run Gate 1 evaluation for FR-04.\n\n[FR REQUIREMENTS — what FR-04 was supposed to deliver]\n### FR-04: Scope 授權\n\nCitation: SPEC L109-113.\n\n**Acceptance criteria (FR", "session_id": "9748c500-5715-401e-8c01-ab8147d0a41e", "status": "complete", "substrate": "python", "phase": 3, "fr_id": "FR-04", "regression_flags": {}, "error_output": "The gate is blocked, and I'm not fixing it myself, because the cause is configuration and not FR-04 code.\n\n```json\n{\"status\": \"DONE\", \"gate_score\": 0.0, \"pass\": false, \"failing_dims\": [\"architecture_constraints\", \"test_coverage\"], \"commit\": null, \"summary\": \"BLOCKED: import-linter contracts mismatch SAB\"}\n```\n\n**Tool results**\n- **Linting:** `ruff` passed with no violations (100).\n- **Type safety:** `pyright` reported 0 errors (100).\n- **Tests:** all 16 tests in `test_fr04.py` and `test_fr03.py`", "exit_code": null, "duration_seconds": 59.999, "dispatch_attempt": 1, "total_cost_usd": 0.066028, "num_turns": 5, "duration_api_ms": 22213, "usage": {"input_tokens": 10, "output_tokens": 2485, "cache_read_input_tokens": 81710, "cache_creation_input_tokens": 6204}}
{"timestamp": "2026-10-04T14:50:11.656628+00:00", "role": "developer", "task": "You are a coverage fixer for FR-04.\n\n[FORBIDDEN — read first]\n- Deleting or xfail-marking existing tests\n- Adding `# pragma: no cover` to lines that CAN be tested (only use it as a last resort for gen", "session_id": "fac4eca6-7106-4088-adac-c53e401ed63d", "status": "complete", "substrate": "python", "phase": 3, "fr_id": "FR-04", "regression_flags": {}, "error_output": "No changes were needed for FR-04, so I made no commit. Coverage on the two FR-04 modules is already 84%, above the 80% threshold.\n\n- **Coverage:** `deps.py` is at 88% (missing lines 43, 74-75, 86) and `auth.py` is at 81% (missing lines 40, 48-57, 66, 70).\n- **Spec tests:** all 7 test functions listed for FR-04 in `TEST_SPEC.md` are already in `test_fr04.py`.\n- **Pragmas:** none added.\n\nIf the dimension still fails Gate 1, it is probably measuring something other than these two files.\n\n```json\n{\"", "exit_code": null, "duration_seconds": 9.873, "retry_round": 2, "dispatch_attempt": 1, "total_cost_usd": 0.0339494, "num_turns": 3, "duration_api_ms": 7591, "usage": {"input_tokens": 6, "output_tokens": 709, "cache_read_input_tokens": 37117, "cache_creation_input_tokens": 4856}}
{"timestamp": "2026-10-04T14:51:06.993132+00:00", "role": "developer", "task": "You are a Gate 1 evaluator. Your task: run Gate 1 evaluation for FR-04.\n\n[FR REQUIREMENTS — what FR-04 was supposed to deliver]\n### FR-04: Scope 授權\n\nCitation: SPEC L109-113.\n\n**Acceptance criteria (FR", "session_id": "fec5b915-3de1-4557-854b-a59cd31af93a", "status": "complete", "substrate": "python", "phase": 3, "fr_id": "FR-04", "regression_flags": {}, "error_output": "```json\n{\"status\": \"DONE\", \"gate_score\": 0.0, \"pass\": false, \"failing_dims\": [\"architecture_constraints (config mismatch)\", \"test_coverage (93.75% < 100)\"], \"commit\": null, \"summary\": \"BLOCKED: import-linter contracts mismatch SAB\"}\n```\n\n**Dimension results**\n- Linting: 100. Ruff passed.\n- Type safety: 100. Pyright reported 0 errors.\n- Test coverage: 93.75, below the threshold of 100. All 16 tests passed and all 7 required FR-04 tests exist (7/7). Coverage of `deps.py` and `auth.py` is 60 of 64 ", "exit_code": null, "duration_seconds": 55.269, "dispatch_attempt": 1, "total_cost_usd": 0.080783, "num_turns": 8, "duration_api_ms": 21617, "usage": {"input_tokens": 14, "output_tokens": 2827, "cache_read_input_tokens": 121005, "cache_creation_input_tokens": 7071}}
{"timestamp": "2026-10-04T14:51:15.799627+00:00", "role": "developer", "task": "You are a coverage fixer for FR-04.\n\n[FORBIDDEN — read first]\n- Deleting or xfail-marking existing tests\n- Adding `# pragma: no cover` to lines that CAN be tested (only use it as a last resort for gen", "session_id": "813c928b-29b9-42a1-bb3a-4f644bf22c27", "status": "complete", "substrate": "python", "phase": 3, "fr_id": "FR-04", "regression_flags": {}, "error_output": "All 7 spec tests exist and coverage is 84%, above the 80% threshold. No test file changes are needed and there is nothing to commit, since `git status` shows no changes under `03-development`.\n\n```json\n{\"status\": \"DONE\", \"coverage_pct\": 84, \"tests_added\": 0, \"pragmas_added\": 0, \"commit\": \"none\", \"summary\": \"Already 84%; all spec tests present\"}\n```", "exit_code": null, "duration_seconds": 8.045, "retry_round": 3, "dispatch_attempt": 1, "total_cost_usd": 0.022691, "num_turns": 3, "duration_api_ms": 5724, "usage": {"input_tokens": 6, "output_tokens": 550, "cache_read_input_tokens": 41655, "cache_creation_input_tokens": 2212}}
{"timestamp": "2026-10-04T14:52:10.616565+00:00", "role": "developer", "task": "You are a Gate 1 evaluator. Your task: run Gate 1 evaluation for FR-04.\n\n[FR REQUIREMENTS — what FR-04 was supposed to deliver]\n### FR-04: Scope 授權\n\nCitation: SPEC L109-113.\n\n**Acceptance criteria (FR", "session_id": "46795ce1-28de-4921-b61c-eb9c85291ec7", "status": "complete", "substrate": "python", "phase": 3, "fr_id": "FR-04", "regression_flags": {}, "error_output": "{\"status\": \"DONE\", \"gate_score\": 98.44, \"pass\": false, \"failing_dims\": [\"test_coverage\", \"architecture_constraints\"], \"commit\": null, \"summary\": \"BLOCKED: import-linter config mismatches SAB\"}\n\n**Dimension results**\n- Linting: ruff passed, score 100.\n- Type safety: pyright reported 0 errors, score 100.\n- Test coverage: score 93.75. All 16 tests passed and 7/7 required FR-04 tests exist. Line coverage on `deps.py` and `auth.py` is 93.75%, with 4 of 64 statements missing.\n- Architecture: `lint-imp", "exit_code": null, "duration_seconds": 54.749, "dispatch_attempt": 1, "total_cost_usd": 0.0612476, "num_turns": 5, "duration_api_ms": 20765, "usage": {"input_tokens": 10, "output_tokens": 2782, "cache_read_input_tokens": 84298, "cache_creation_input_tokens": 4137}}
{"timestamp": "2026-10-04T14:53:51.078061+00:00", "role": "developer", "task": "You are a Gate 1 evaluator. Your task: run Gate 1 evaluation for FR-04.\n\n[FR REQUIREMENTS — what FR-04 was supposed to deliver]\n### FR-04: Scope 授權\n\nCitation: SPEC L109-113.\n\n**Acceptance criteria (FR", "session_id": "5149d34f-14ba-416b-9633-dd6d35c11bc8", "status": "complete", "substrate": "python", "phase": 3, "fr_id": "FR-04", "regression_flags": {}, "error_output": "Finalize-gate is still blocked, but on a different problem now. I fixed my own `type_safety` evidence, which wasn't raw pyright output. What's left is an import-linter configuration mismatch, which isn't mine to fix, so I'm stopping and reporting it.\n\n```json\n{\"status\": \"DONE\", \"gate_score\": 0.0, \"pass\": false, \"failing_dims\": [\"architecture_constraints\"], \"commit\": null, \"summary\": \"BLOCKED: importlinter config != SAB contracts\"}\n```\n\nAll four tools passed on FR-04:\n- **Linting:** ruff reported", "exit_code": null, "duration_seconds": 61.516, "dispatch_attempt": 1, "total_cost_usd": 0.08562639999999999, "num_turns": 6, "duration_api_ms": 18732, "usage": {"input_tokens": 12, "output_tokens": 2258, "cache_read_input_tokens": 96432, "cache_creation_input_tokens": 10934}}
{"timestamp": "2026-10-04T14:54:11.294844+00:00", "role": "developer", "task": "You are a code fixer. Gate 1 FAILED for FR-04. Fix the failing dimensions.\n\n[FORBIDDEN — read before anything else]\n- Modifying test files\n- app/infrastructure/ paths\n\n[FR REQUIREMENTS — the code you ", "session_id": "9d694ee4-0cb4-4279-8570-bad773db4b2f", "status": "complete", "substrate": "python", "phase": 3, "fr_id": "FR-04", "regression_flags": {}, "error_output": "I made no fix and no commit, because there was nothing in `03-development/src/` to change. The `architecture_constraints` failure comes from how the check is run.\n\nGate 1 scores that dimension by running `lint-imports` from the project root. Run bare, it stops with `Could not find package 'taskq_api' in your Python path`, which scores 0. With the source directory on the path, all three contracts in `.importlinter` pass: layers, independence and no-sqlalchemy-outside-repository (3 kept, 0 broken)", "exit_code": null, "duration_seconds": 19.437, "retry_round": 1, "dispatch_attempt": 1, "total_cost_usd": 0.08950520000000001, "num_turns": 9, "duration_api_ms": 16779, "usage": {"input_tokens": 16, "output_tokens": 1724, "cache_read_input_tokens": 132006, "cache_creation_input_tokens": 11458}}
{"timestamp": "2026-10-04T14:55:05.081596+00:00", "role": "developer", "task": "You are a Gate 1 evaluator. Your task: run Gate 1 evaluation for FR-04.\n\n[FR REQUIREMENTS — what FR-04 was supposed to deliver]\n### FR-04: Scope 授權\n\nCitation: SPEC L109-113.\n\n**Acceptance criteria (FR", "session_id": "2cc912c6-8377-420f-9dca-a004a6b2749c", "status": "complete", "substrate": "python", "phase": 3, "fr_id": "FR-04", "regression_flags": {}, "error_output": "Gate 1 for FR-04 is blocked. I didn't change the import-linter config, because the instructions say not to fix code or config myself.\n\nAll four dimensions scored 100 on their own tool runs, but `finalize-gate` rejected the result. It reported `arch_constraint_unconfigured` for two of the three architecture constraints. The `.importlinter` contracts `taskq_api layers` and `no sqlalchemy outside repository` list `taskq_api.__main__` and `taskq_api.cli` as source modules. The typed SAB declaration ", "exit_code": null, "duration_seconds": 53.711, "dispatch_attempt": 1, "total_cost_usd": 0.0765418, "num_turns": 7, "duration_api_ms": 24501, "usage": {"input_tokens": 14, "output_tokens": 2692, "cache_read_input_tokens": 117829, "cache_creation_input_tokens": 6507}}
{"timestamp": "2026-10-04T14:55:25.739484+00:00", "role": "developer", "task": "You are a code fixer. Gate 1 FAILED for FR-04. Fix the failing dimensions.\n\n[FORBIDDEN — read before anything else]\n- Modifying test files\n- app/infrastructure/ paths\n\n[FR REQUIREMENTS — the code you ", "session_id": "2726f19a-f635-4424-9ee7-109aa78ea53b", "status": "complete", "substrate": "python", "phase": 3, "fr_id": "FR-04", "regression_flags": {}, "error_output": "I made no changes and no commit: the fix isn't in `03-development/src/`, and I won't weaken the architecture config to clear this block.\n\n- **Cause:** `.methodology/quality_manifest.json` is stale. Its `architecture_constraints` for `NFR-06-layers` omit `taskq_api.__main__` and `taskq_api.cli`. The `NFR-06-no-sqlalchemy-outside-repository` entry looks like it omits them too (I only confirmed the layers one).\n- **What the gate compares:** it checks `.importlinter` against that manifest. `.importl", "exit_code": null, "duration_seconds": 19.879, "retry_round": 2, "dispatch_attempt": 1, "total_cost_usd": 0.08958320000000002, "num_turns": 7, "duration_api_ms": 18229, "usage": {"input_tokens": 14, "output_tokens": 2116, "cache_read_input_tokens": 113216, "cache_creation_input_tokens": 11438}}
{"timestamp": "2026-10-04T14:56:20.308056+00:00", "role": "developer", "task": "You are a Gate 1 evaluator. Your task: run Gate 1 evaluation for FR-04.\n\n[FR REQUIREMENTS — what FR-04 was supposed to deliver]\n### FR-04: Scope 授權\n\nCitation: SPEC L109-113.\n\n**Acceptance criteria (FR", "session_id": "3f711fa2-4f7e-4718-af12-5d11b64ae456", "status": "complete", "substrate": "python", "phase": 3, "fr_id": "FR-04", "regression_flags": {}, "error_output": "```json\n{\"status\": \"DONE\", \"gate_score\": 100.0, \"pass\": false, \"failing_dims\": [\"architecture_constraints (finalize-gate BLOCKED: arch_constraint_unconfigured)\"], \"commit\": null, \"summary\": \"Tools pass; finalize-gate blocked on importlinter cfg\"}\n```\n\nI ran the four tools and all of them passed. `finalize-gate` still printed `GATE 1 BLOCKED`, so the gate has not passed. I wrote `gate1_result.json` with a score of 100.0 in every dimension.\n\n**Tool results**\n- **Linting:** `ruff` printed \"All chec", "exit_code": null, "duration_seconds": 54.499, "dispatch_attempt": 1, "total_cost_usd": 0.08385400000000001, "num_turns": 8, "duration_api_ms": 25548, "usage": {"input_tokens": 16, "output_tokens": 2827, "cache_read_input_tokens": 139240, "cache_creation_input_tokens": 6926}}
{"timestamp": "2026-10-04T14:57:16.332864+00:00", "role": "developer", "task": "You are a code fixer. Gate 1 FAILED for FR-04. Fix the failing dimensions.\n\n[FORBIDDEN — read before anything else]\n- Modifying test files\n- app/infrastructure/ paths\n\n[FR REQUIREMENTS — the code you ", "session_id": "b3517140-4eec-4e47-b8ba-490bf8e9ce44", "status": "complete", "substrate": "python", "phase": 3, "fr_id": "FR-04", "regression_flags": {}, "error_output": "The gate's own commit picked up my manifest change, so there was nothing left for me to commit.\n\n```json\n{\"status\": \"DONE\", \"dims_fixed\": [\"architecture_constraints\"], \"commit\": \"44ec97f\", \"summary\": \"Sync quality_manifest NFR-06 with importlinter\"}\n```\n\nThe block came from a stale `.methodology/quality_manifest.json`, not from the source code. Its NFR-06 `source_modules` lists were missing `taskq_api.__main__` and `taskq_api.cli`, so they didn't match `.importlinter`. I added those two modules ", "exit_code": null, "duration_seconds": 55.249, "retry_round": 3, "dispatch_attempt": 1, "total_cost_usd": 0.1208962, "num_turns": 11, "duration_api_ms": 28602, "usage": {"input_tokens": 22, "output_tokens": 2621, "cache_read_input_tokens": 197451, "cache_creation_input_tokens": 13788}}
{"timestamp": "2026-10-04T14:58:14.793040+00:00", "role": "developer", "task": "You are a Gate 1 evaluator. Your task: run Gate 1 evaluation for FR-04.\n\n[FR REQUIREMENTS — what FR-04 was supposed to deliver]\n### FR-04: Scope 授權\n\nCitation: SPEC L109-113.\n\n**Acceptance criteria (FR", "session_id": "ae5f7bd2-651a-4fa3-8324-7b97342464e3", "status": "complete", "substrate": "python", "phase": 3, "fr_id": "FR-04", "regression_flags": {}, "error_output": "{\"status\": \"DONE\", \"gate_score\": 100.0, \"pass\": true, \"failing_dims\": [], \"commit\": \"b560c3f\", \"summary\": \"FR-04 Gate1 PASS, all 4 dims 100\"}", "exit_code": null, "duration_seconds": 58.392, "dispatch_attempt": 1, "total_cost_usd": 0.06943740000000001, "num_turns": 5, "duration_api_ms": 12048, "usage": {"input_tokens": 10, "output_tokens": 1571, "cache_read_input_tokens": 76537, "cache_creation_input_tokens": 9600}}
{"timestamp": "2026-10-04T14:59:12.286065+00:00", "role": "CRITERIA_REVIEWER", "task": "You are the CRITERIA REVIEWER for FR-04. You review ONE question, and you have Read and Bash tools to answer it.\n\nTHE REQUIREMENT — verbatim from SPEC.md, the document the project was asked to build. ", "session_id": "97b60662-0c21-4525-9e2f-84e7e6a2293e", "status": "complete", "substrate": "python", "phase": 3, "fr_id": "FR-04", "regression_flags": {}, "error_output": "{\"review_status\":\"APPROVE\",\"reason\":\"Each normative requirement maps to an assertion that fails when it is violated. (1) Scope hierarchy read<write<admin: test_fr04_scope_hierarchy_matrix asserts read→403 and write→201 on POST at lines 102-103, and read/write→403 with admin→204 on DELETE at lines 105-107. test_fr04_write_key_can_read asserts write→200 on GET at line 115. (2) Insufficient scope returns 403 with problem+json: lines 124-127 assert the status, the application/problem+json content ty", "exit_code": null, "duration_seconds": 14.778, "dispatch_attempt": 1, "total_cost_usd": 0.069334, "num_turns": 4, "duration_api_ms": 13229, "usage": {"input_tokens": 6, "output_tokens": 1646, "cache_read_input_tokens": 40190, "cache_creation_input_tokens": 11206}}
{"timestamp": "2026-10-04T14:59:17.543771+00:00", "role": "tdd-FR-04", "task": "", "session_id": "", "status": "complete", "substrate": "workflow", "phase_label": "P3 · Per-FR TDD", "reply_chars": 15}
{"timestamp": "2026-10-04T14:59:23.809235+00:00", "role": "gate1-verify-FR-04", "task": "", "session_id": "", "status": "complete", "substrate": "workflow", "phase_label": "P3 · Per-FR TDD", "reply_chars": 15}
{"timestamp": "2026-10-04T15:01:14.452819+00:00", "role": "developer", "task": "You are a TDD developer. Your task: implement FR-05 until the failing test passes.\n\n[SAB — BINDING MODULE PATHS]\n`.methodology/SAB.json` assigns these modules to FR-05. Gate 1's Architecture Amendment", "session_id": "1f42f674-0b9e-41fe-be46-1c0a3bf6dced", "status": "complete", "substrate": "python", "phase": 3, "fr_id": "FR-05", "regression_flags": {}, "error_output": "```json\n{\"status\": \"DONE\", \"files_changed\": [\"03-development/src/taskq_api/repository/migration_state.py\", \"03-development/src/taskq_api/service/health.py\"], \"commit\": \"4a40e4d\", \"summary\": \"readyz accepts unstamped schema; FR-05 green\"}\n```\n\nThe rate limiter and its two SAB-declared modules were already in the repo. The only failing test was the health-endpoint one, because `/readyz` returned 503 on the test database. That database is built with `create_all`, so it has no alembic stamp.\n\nI chan", "exit_code": null, "duration_seconds": 67.186, "dispatch_attempt": 1, "total_cost_usd": 0.17701320000000004, "num_turns": 10, "duration_api_ms": 54944, "usage": {"input_tokens": 20, "output_tokens": 2841, "cache_read_input_tokens": 259496, "cache_creation_input_tokens": 24166}}
{"timestamp": "2026-10-04T15:01:52.074875+00:00", "role": "tool:amend-sab", "task": "amend-sab for taskq-open (deterministic tool)", "session_id": "", "status": "COMPLETED", "substrate": "python", "step": "AMEND-SAB", "tool_kind": "amend-sab", "outcome": "completed", "rc": 0, "src_dir": "03-development/src", "dry_run": false, "strict": false}
{"timestamp": "2026-10-04T15:02:57.325243+00:00", "role": "developer", "task": "You are a Gate 1 evaluator. Your task: run Gate 1 evaluation for FR-05.\n\n[FR REQUIREMENTS — what FR-05 was supposed to deliver]\n### FR-05: 流量控制\n\nCitation: SPEC L115-120.\n\n**Acceptance criteria (FR-05)", "session_id": "c3edfc23-b653-4571-b328-b7c13ef01210", "status": "complete", "substrate": "python", "phase": 3, "fr_id": "FR-05", "regression_flags": {}, "error_output": "{\"status\": \"DONE\", \"gate_score\": 99.52, \"pass\": true, \"failing_dims\": [], \"commit\": \"0a5a710\", \"summary\": \"Gate1 PASS; coverage 98.08% (ratelimit.py:43)\"}\n\nGate 1 passed for FR-05 on the second `finalize-gate` call. The first call blocked because my pyright `tool_evidence` was a hand-written summary rather than raw pyright output. I replaced it with the real JSON output from `.sessi-work/round_1/tools/type_safety.txt` and re-ran.\n\n- **Linting:** 100. Ruff reported \"All checks passed!\".\n- **Type ", "exit_code": null, "duration_seconds": 59.451, "dispatch_attempt": 1, "total_cost_usd": 0.0788246, "num_turns": 5, "duration_api_ms": 15934, "usage": {"input_tokens": 10, "output_tokens": 2243, "cache_read_input_tokens": 76913, "cache_creation_input_tokens": 10248}}
{"timestamp": "2026-10-04T15:04:32.135344+00:00", "role": "CRITERIA_REVIEWER", "task": "You are the CRITERIA REVIEWER for FR-05. You review ONE question, and you have Read and Bash tools to answer it.\n\nTHE REQUIREMENT — verbatim from SPEC.md, the document the project was asked to build. ", "session_id": "eabd396e-d9a0-4969-b8d1-975ca8ea7e27", "status": "complete", "substrate": "python", "phase": 3, "fr_id": "FR-05", "regression_flags": {}, "error_output": "{\"review_status\":\"REJECT\",\"reason\":\"Most FR-05 bullets map to real assertions. Capacity BURST maps to test_fr05.py:132/134/149-150 and the 40-request race to :288. 429 with problem+json and Retry-After maps to :165/:168/:170/:172. The DB-stored bucket maps to :284-285. Single transaction with FOR UPDATE maps to :254/:256. Health endpoints being exempt maps to :311. Two bullets are not pinned. (1) 'per-token' has no assertion: every test seeds and uses one key (KEY_ID, :52 and :97). A single glob", "exit_code": null, "duration_seconds": 15.491, "dispatch_attempt": 1, "total_cost_usd": 0.060074, "num_turns": 3, "duration_api_ms": 14142, "usage": {"input_tokens": 4, "output_tokens": 1598, "cache_read_input_tokens": 22190, "cache_creation_input_tokens": 9912}}
{"timestamp": "2026-10-04T15:05:23.975029+00:00", "role": "CRITERIA_REVIEWER", "task": "You are the CRITERIA REVIEWER for FR-05. You review ONE question, and you have Read and Bash tools to answer it.\n\nTHE REQUIREMENT — verbatim from SPEC.md, the document the project was asked to build. ", "session_id": "1f90407b-4b18-42c8-b643-c7011941f229", "status": "complete", "substrate": "python", "phase": 3, "fr_id": "FR-05", "regression_flags": {}, "error_output": "{\"review_status\":\"APPROVE\",\"reason\":\"Each FR-05 requirement maps to an assertion that fails if it is violated. Capacity (BURST=20): 03-development/tests/test_fr05.py:132 and :149 need exactly 20 successes, and :150 needs a 429 after that. Refill rate: :136 and :203, where 1s at 2.0/s gives exactly 2 tokens and the third request gets 429. Per-token: :189 fails if the bucket is shared. HTTP 429 and problem+json: :134, :165, :168, :172. Retry-After in seconds: :164 (int parse) and :202 (exact value", "exit_code": null, "duration_seconds": 14.175, "dispatch_attempt": 1, "total_cost_usd": 0.0576242, "num_turns": 3, "duration_api_ms": 12852, "usage": {"input_tokens": 4, "output_tokens": 1310, "cache_read_input_tokens": 22201, "cache_creation_input_tokens": 10019}}
{"timestamp": "2026-10-04T15:05:29.347598+00:00", "role": "tdd-FR-05", "task": "", "session_id": "", "status": "complete", "substrate": "workflow", "phase_label": "P3 · Per-FR TDD", "reply_chars": 15}
{"timestamp": "2026-10-04T15:05:35.822158+00:00", "role": "gate1-verify-FR-05", "task": "", "session_id": "", "status": "complete", "substrate": "workflow", "phase_label": "P3 · Per-FR TDD", "reply_chars": 15}
{"timestamp": "2026-10-04T15:06:03.808229+00:00", "role": "tool:amend-sab", "task": "amend-sab for taskq-open (deterministic tool)", "session_id": "", "status": "COMPLETED", "substrate": "python", "step": "AMEND-SAB", "tool_kind": "amend-sab", "outcome": "completed", "rc": 0, "src_dir": "03-development/src", "dry_run": false, "strict": false}
{"timestamp": "2026-10-04T15:07:18.387234+00:00", "role": "developer", "task": "You are a Gate 1 evaluator. Your task: run Gate 1 evaluation for FR-06.\n\n[FR REQUIREMENTS — what FR-06 was supposed to deliver]\n### FR-06: 持久化層與交易邊界\n\nCitation: SPEC L122-128.\n\n**Acceptance criteria (F", "session_id": "c216f890-7fb4-4286-813b-41e8ccd8681b", "status": "complete", "substrate": "python", "phase": 3, "fr_id": "FR-06", "regression_flags": {}, "error_output": "{\"status\": \"DONE\", \"gate_score\": 99.6, \"pass\": false, \"failing_dims\": [\"test_coverage\"], \"commit\": null, \"summary\": \"BLOCKED: test_coverage 98.3 < 100\"}\n\nfinalize-gate blocked Gate 1 for FR-06. `test_coverage` scored 98.3 against a threshold of 100, a gap of 1.7. The other three dimensions scored 100: linting, type_safety, and architecture_constraints.\n\n- **Tests:** all 7 required FR-06 tests exist and pass, so spec coverage is 100%. The shortfall is line coverage on `session.py` and `uow.py`, w", "exit_code": null, "duration_seconds": 67.879, "dispatch_attempt": 1, "total_cost_usd": 0.074729, "num_turns": 5, "duration_api_ms": 16714, "usage": {"input_tokens": 10, "output_tokens": 2006, "cache_read_input_tokens": 76965, "cache_creation_input_tokens": 9814}}
{"timestamp": "2026-10-04T15:07:34.508043+00:00", "role": "developer", "task": "You are a coverage fixer for FR-06.\n\n[FORBIDDEN — read first]\n- Deleting or xfail-marking existing tests\n- Adding `# pragma: no cover` to lines that CAN be tested (only use it as a last resort for gen", "session_id": "f6475248-d05a-44a8-8463-ab0c16e9b652", "status": "complete", "substrate": "python", "phase": 3, "fr_id": "FR-06", "regression_flags": {}, "error_output": "{\"status\": \"DONE\", \"coverage_pct\": 100, \"tests_added\": 1, \"pragmas_added\": 0, \"commit\": \"1694c76\", \"summary\": \"Covered offset branch; 100% coverage\"}", "exit_code": null, "duration_seconds": 15.344, "retry_round": 1, "dispatch_attempt": 1, "total_cost_usd": 0.0658744, "num_turns": 6, "duration_api_ms": 11646, "usage": {"input_tokens": 12, "output_tokens": 1251, "cache_read_input_tokens": 87902, "cache_creation_input_tokens": 8940}}
{"timestamp": "2026-10-04T15:08:38.783491+00:00", "role": "developer", "task": "You are a Gate 1 evaluator. Your task: run Gate 1 evaluation for FR-06.\n\n[FR REQUIREMENTS — what FR-06 was supposed to deliver]\n### FR-06: 持久化層與交易邊界\n\nCitation: SPEC L122-128.\n\n**Acceptance criteria (F", "session_id": "6e48f312-97d7-46a3-9573-f3092e0dd0c2", "status": "complete", "substrate": "python", "phase": 3, "fr_id": "FR-06", "regression_flags": {}, "error_output": "```json\n{\"status\": \"DONE\", \"gate_score\": 100.0, \"pass\": true, \"failing_dims\": [], \"commit\": \"5bc5248\", \"summary\": \"FR-06 Gate1 PASS, 100.0\"}\n```\n\nAll four dimensions scored 100: ruff clean, pyright 0 errors, lint-imports 3 contracts kept, and 8 tests passed with 100% coverage (58/58 statements in `session.py` and `uow.py`). All 7 required spec tests exist and pass.\n\nThe first `finalize-gate` run was BLOCKED. I had paraphrased the pyright `tool_evidence` instead of pasting the raw output. I repla", "exit_code": null, "duration_seconds": 64.207, "dispatch_attempt": 1, "total_cost_usd": 0.07556739999999999, "num_turns": 5, "duration_api_ms": 13400, "usage": {"input_tokens": 10, "output_tokens": 1889, "cache_read_input_tokens": 77987, "cache_creation_input_tokens": 10265}}
{"timestamp": "2026-10-04T15:09:36.778202+00:00", "role": "CRITERIA_REVIEWER", "task": "You are the CRITERIA REVIEWER for FR-06. You review ONE question, and you have Read and Bash tools to answer it.\n\nTHE REQUIREMENT — verbatim from SPEC.md, the document the project was asked to build. ", "session_id": "f1538c11-91ae-4a43-9209-f8d9ac2517f2", "status": "complete", "substrate": "python", "phase": 3, "fr_id": "FR-06", "regression_flags": {}, "error_output": "{\"review_status\":\"REJECT\",\"reason\":\"Most FR-06 bullets map to a real failing assertion. (1) No Session in the service layer: test_fr06.py:187 fails if a service module names Session. (2) Commit on success and rollback on error: lines 208/210, 228/230 and 251/253 count real commits and rollbacks. (3) No string-built SQL: line 312, a heuristic AST scan. (4) N+1: line 375 compares statement counts between 10 and 100 seeded rows. Two normative requirements have no failing assertion. (a) 'pool_size=T", "exit_code": null, "duration_seconds": 17.112, "dispatch_attempt": 1, "total_cost_usd": 0.0670798, "num_turns": 3, "duration_api_ms": 15728, "usage": {"input_tokens": 4, "output_tokens": 1921, "cache_read_input_tokens": 22249, "cache_creation_input_tokens": 10853}}
{"timestamp": "2026-10-04T15:10:20.864099+00:00", "role": "CRITERIA_REVIEWER", "task": "You are the CRITERIA REVIEWER for FR-06. You review ONE question, and you have Read and Bash tools to answer it.\n\nTHE REQUIREMENT — verbatim from SPEC.md, the document the project was asked to build. ", "session_id": "65e351ed-77e0-4b3e-926b-08466546fb60", "status": "complete", "substrate": "python", "phase": 3, "fr_id": "FR-06", "regression_flags": {}, "error_output": "{\"review_status\":\"REJECT\",\"reason\":\"Most FR-06 requirements map to a failing assertion. No-Session-in-service maps to test_fr06.py:187. Commit and rollback map to :208-210, :228-230 and :251-255. No string-built SQL maps to :319. N+1 maps to :382 and :388. pool_size and pool_pre_ping map to :403 and :405. The requirement 每個 API 請求一個 Session (one Session per API request) has no assertion. Every commit and rollback test calls make_uow() directly, with no HTTP request. The endpoint test at :339-346", "exit_code": null, "duration_seconds": 15.884, "dispatch_attempt": 1, "total_cost_usd": 0.06363279999999999, "num_turns": 3, "duration_api_ms": 14584, "usage": {"input_tokens": 4, "output_tokens": 1534, "cache_read_input_tokens": 22264, "cache_creation_input_tokens": 10958}}
{"timestamp": "2026-10-04T15:10:32.044791+00:00", "role": "tdd-FR-06", "task": "", "session_id": "", "status": "complete", "substrate": "workflow", "phase_label": "P3 · Per-FR TDD", "reply_chars": 15}
{"timestamp": "2026-10-04T15:10:38.099967+00:00", "role": "gate1-verify-FR-06", "task": "", "session_id": "", "status": "complete", "substrate": "workflow", "phase_label": "P3 · Per-FR TDD", "reply_chars": 15}
{"timestamp": "2026-10-04T15:13:36.998435+00:00", "role": "milestone-p3-mid", "task": "", "session_id": "", "status": "complete", "substrate": "workflow", "phase_label": "P3 · Per-FR TDD", "reply_chars": 356}
{"timestamp": "2026-10-04T15:15:20.735889+00:00", "role": "developer", "task": "You are a Gate 1 evaluator. Your task: run Gate 1 evaluation for FR-07.\n\n[FR REQUIREMENTS — what FR-07 was supposed to deliver]\n### FR-07: Schema Migration(Alembic 三步演進)\n\nCitation: SPEC L130-143.\n\n| r", "session_id": "f273502f-a52d-4a20-ba2c-edff71a1e607", "status": "complete", "substrate": "python", "phase": 3, "fr_id": "FR-07", "regression_flags": {}, "error_output": "{\"status\": \"DONE\", \"gate_score\": 97.1, \"pass\": true, \"failing_dims\": [], \"commit\": \"ecab26b\", \"summary\": \"FR-07 Gate1 PASS 97.1; cov 88.5% scoped\"}\n\nFinalize-gate passed on the second attempt. The first attempt was blocked because the pyright `tool_evidence` didn't match pyright's output format. I replaced it with the raw pyright output and re-ran.\n\nI wrote `quality_complete: false` in the result file because test_coverage is below its 100 threshold. Finalize-gate re-derived it as true.\n\n- **Lin", "exit_code": null, "duration_seconds": 69.78, "dispatch_attempt": 1, "total_cost_usd": 0.09999200000000001, "num_turns": 7, "duration_api_ms": 22612, "usage": {"input_tokens": 14, "output_tokens": 2680, "cache_read_input_tokens": 118880, "cache_creation_input_tokens": 12347}}
{"timestamp": "2026-10-04T15:16:15.689240+00:00", "role": "CRITERIA_REVIEWER", "task": "You are the CRITERIA REVIEWER for FR-07. You review ONE question, and you have Read and Bash tools to answer it.\n\nTHE REQUIREMENT — verbatim from SPEC.md, the document the project was asked to build. ", "session_id": "47b705e9-2f2d-4fa0-a5aa-afc873385e28", "status": "complete", "substrate": "python", "phase": 3, "fr_id": "FR-07", "regression_flags": {}, "error_output": "{\"review_status\":\"APPROVE\",\"reason\":\"Each normative SPEC.md FR-07 requirement maps to an assertion that fails when it is violated. v1 upgrade and downgrade: test_fr07.py:176 checks the tables exist at head, and :186 checks no tables remain after `downgrade base`. v2: :294-296 checks the offline SQL for `tags`, `task_tags` and the unique `tasks(name)` index, and :323 checks a duplicate name is rejected. v2 downgrade: :359-372 checks v1 rows, api_keys and result_json survive, the new tables are go", "exit_code": null, "duration_seconds": 14.847, "dispatch_attempt": 1, "total_cost_usd": 0.0658746, "num_turns": 2, "duration_api_ms": 13497, "usage": {"input_tokens": 4, "output_tokens": 1374, "cache_read_input_tokens": 22573, "cache_creation_input_tokens": 11903}}
{"timestamp": "2026-10-04T15:16:20.730633+00:00", "role": "tdd-FR-07", "task": "", "session_id": "", "status": "complete", "substrate": "workflow", "phase_label": "P3 · Per-FR TDD", "reply_chars": 15}
{"timestamp": "2026-10-04T15:16:26.676781+00:00", "role": "gate1-verify-FR-07", "task": "", "session_id": "", "status": "complete", "substrate": "workflow", "phase_label": "P3 · Per-FR TDD", "reply_chars": 15}
{"timestamp": "2026-10-04T15:17:00.242710+00:00", "role": "tool:amend-sab", "task": "amend-sab for taskq-open (deterministic tool)", "session_id": "", "status": "COMPLETED", "substrate": "python", "step": "AMEND-SAB", "tool_kind": "amend-sab", "outcome": "completed", "rc": 0, "src_dir": "03-development/src", "dry_run": false, "strict": false}
{"timestamp": "2026-10-04T15:18:25.174064+00:00", "role": "developer", "task": "You are a Gate 1 evaluator. Your task: run Gate 1 evaluation for FR-08.\n\n[FR REQUIREMENTS — what FR-08 was supposed to deliver]\n### FR-08: 非同步執行器\n\nCitation: SPEC L145-150.\n\n**Acceptance criteria (FR-0", "session_id": "d8f34001-8f20-4b89-88b0-d83cb51d8f72", "status": "complete", "substrate": "python", "phase": 3, "fr_id": "FR-08", "regression_flags": {}, "error_output": "{\"status\": \"DONE\", \"gate_score\": 99.5, \"pass\": false, \"failing_dims\": [\"test_coverage\"], \"commit\": null, \"summary\": \"Blocked: coverage 98.0 < 100 (executor.py 86-88)\"}\n\nGate 1 for FR-08 did not pass. `finalize-gate` printed BLOCKED because `test_coverage` scored 98.0 and needs 100.\n\n- **Linting:** 100. Ruff passed with no violations.\n- **Type safety:** 100. Pyright reported 0 errors.\n- **Architecture:** 100. All 3 import-linter contracts were kept.\n- **Test coverage:** 98.0. All 20 tests passed ", "exit_code": null, "duration_seconds": 75.324, "dispatch_attempt": 1, "total_cost_usd": 0.0851366, "num_turns": 6, "duration_api_ms": 21860, "usage": {"input_tokens": 12, "output_tokens": 2392, "cache_read_input_tokens": 96203, "cache_creation_input_tokens": 10488}}
{"timestamp": "2026-10-04T15:18:53.368869+00:00", "role": "developer", "task": "You are a coverage fixer for FR-08.\n\n[FORBIDDEN — read first]\n- Deleting or xfail-marking existing tests\n- Adding `# pragma: no cover` to lines that CAN be tested (only use it as a last resort for gen", "session_id": "4170cee7-dc3b-4e56-bec2-ea3d59672a21", "status": "complete", "substrate": "python", "phase": 3, "fr_id": "FR-08", "regression_flags": {}, "error_output": "```json\n{\"status\": \"DONE\", \"coverage_pct\": 100, \"tests_added\": 3, \"pragmas_added\": 0, \"commit\": \"e45c1c5\", \"summary\": \"Added 3 edge tests; 100% coverage\"}\n```\n\nCoverage was already 95% when I started, so the 80% threshold wasn't the problem. All 7 required spec tests were already in `test_fr08.py`, so there were no missing test functions.\n\nI added 3 tests for the uncovered lines: unspawnable commands, an invalid state transition, and `on_dropped` for queued jobs discarded at drain. `executor.py`", "exit_code": null, "duration_seconds": 24.967, "retry_round": 1, "dispatch_attempt": 1, "total_cost_usd": 0.0876498, "num_turns": 6, "duration_api_ms": 16133, "usage": {"input_tokens": 12, "output_tokens": 1997, "cache_read_input_tokens": 95719, "cache_creation_input_tokens": 12128}}
{"timestamp": "2026-10-04T15:20:01.562710+00:00", "role": "developer", "task": "You are a Gate 1 evaluator. Your task: run Gate 1 evaluation for FR-08.\n\n[FR REQUIREMENTS — what FR-08 was supposed to deliver]\n### FR-08: 非同步執行器\n\nCitation: SPEC L145-150.\n\n**Acceptance criteria (FR-0", "session_id": "4d2d3d59-ee5f-4a74-9bbb-4e026f9d39c4", "status": "complete", "substrate": "python", "phase": 3, "fr_id": "FR-08", "regression_flags": {}, "error_output": "I re-wrote the type_safety evidence from the real pyright output after the first finalize-gate attempt blocked.\n\n{\"status\": \"DONE\", \"gate_score\": 100.0, \"pass\": true, \"failing_dims\": [], \"commit\": \"bbd74e9\", \"summary\": \"FR-08 Gate1 PASS 100.0\"}", "exit_code": null, "duration_seconds": 68.124, "dispatch_attempt": 1, "total_cost_usd": 0.0708498, "num_turns": 5, "duration_api_ms": 13057, "usage": {"input_tokens": 10, "output_tokens": 1564, "cache_read_input_tokens": 77969, "cache_creation_input_tokens": 9899}}
{"timestamp": "2026-10-04T15:21:40.143502+00:00", "role": "CRITERIA_REVIEWER", "task": "You are the CRITERIA REVIEWER for FR-08. You review ONE question, and you have Read and Bash tools to answer it.\n\nTHE REQUIREMENT — verbatim from SPEC.md, the document the project was asked to build. ", "session_id": "6ae5eceb-e0ac-45c5-a7ca-5ecd8860efd4", "status": "complete", "substrate": "python", "phase": 3, "fr_id": "FR-08", "regression_flags": {}, "error_output": "{\"review_status\":\"APPROVE\",\"reason\":\"Each FR-08 requirement maps to an assertion that fails if it is violated. Graceful drain: test_fr08_graceful_drain_marks_interrupted asserts status == interrupted (test_fr08.py:287), a drain bounded by TASKQ_DRAIN_TIMEOUT (:289) and no orphan (:291). test_fr08_drain_waits_for_short_task_until_done asserts the drain waited for an in-flight task, which ends done with exit_code 0 (:308, :312). Concurrency cap with queueing: peak <= cap (:333), early in-flight ==", "exit_code": null, "duration_seconds": 13.661, "dispatch_attempt": 1, "total_cost_usd": 0.06958220000000001, "num_turns": 3, "duration_api_ms": 12102, "usage": {"input_tokens": 4, "output_tokens": 1480, "cache_read_input_tokens": 22331, "cache_creation_input_tokens": 12577}}
{"timestamp": "2026-10-04T15:21:45.350954+00:00", "role": "tdd-FR-08", "task": "", "session_id": "", "status": "complete", "substrate": "workflow", "phase_label": "P3 · Per-FR TDD", "reply_chars": 15}
{"timestamp": "2026-10-04T15:21:51.515334+00:00", "role": "gate1-verify-FR-08", "task": "", "session_id": "", "status": "complete", "substrate": "workflow", "phase_label": "P3 · Per-FR TDD", "reply_chars": 15}
{"timestamp": "2026-10-04T15:22:26.526574+00:00", "role": "tool:amend-sab", "task": "amend-sab for taskq-open (deterministic tool)", "session_id": "", "status": "COMPLETED", "substrate": "python", "step": "AMEND-SAB", "tool_kind": "amend-sab", "outcome": "completed", "rc": 0, "src_dir": "03-development/src", "dry_run": false, "strict": false}
{"timestamp": "2026-10-04T15:23:45.496657+00:00", "role": "developer", "task": "You are a Gate 1 evaluator. Your task: run Gate 1 evaluation for FR-09.\n\n[FR REQUIREMENTS — what FR-09 was supposed to deliver]\n### FR-09: 健康檢查與可觀測性\n\nCitation: SPEC L152-160.\n\n| Endpoint | Auth | Beha", "session_id": "27050c85-d0e4-4c08-93a4-172a10228391", "status": "complete", "substrate": "python", "phase": 3, "fr_id": "FR-09", "regression_flags": {}, "error_output": "```json\n{\"status\": \"DONE\", \"gate_score\": 99.7, \"pass\": false, \"failing_dims\": [\"test_coverage\"], \"commit\": null, \"summary\": \"FR-09 blocked: coverage 98.8 < 100\"}\n```\n\nfinalize-gate returned `[BLOCKED] dimension_below_threshold`: test_coverage scored 98.8 and needs 100.0.\n\n- **Linting, type safety, architecture:** ruff passed, pyright reported 0 errors, and lint-imports kept all 3 contracts. Each scored 100.\n- **Tests:** all 6 required FR-09 tests exist and pass, with 0 failed and 0 skipped.\n- **", "exit_code": null, "duration_seconds": 74.796, "dispatch_attempt": 1, "total_cost_usd": 0.0951324, "num_turns": 7, "duration_api_ms": 18523, "usage": {"input_tokens": 14, "output_tokens": 2506, "cache_read_input_tokens": 119662, "cache_creation_input_tokens": 11528}}
{"timestamp": "2026-10-04T15:23:58.314876+00:00", "role": "developer", "task": "You are a coverage fixer for FR-09.\n\n[FORBIDDEN — read first]\n- Deleting or xfail-marking existing tests\n- Adding `# pragma: no cover` to lines that CAN be tested (only use it as a last resort for gen", "session_id": "b6f2f6aa-525d-403d-97e1-19631511c939", "status": "complete", "substrate": "python", "phase": 3, "fr_id": "FR-09", "regression_flags": {}, "error_output": "{\"status\": \"DONE\", \"coverage_pct\": 100, \"tests_added\": 1, \"pragmas_added\": 0, \"commit\": \"c9467ee\", \"summary\": \"Covered empty-percentile branch; 100%\"}", "exit_code": null, "duration_seconds": 12.057, "retry_round": 1, "dispatch_attempt": 1, "total_cost_usd": 0.053908, "num_turns": 5, "duration_api_ms": 8589, "usage": {"input_tokens": 10, "output_tokens": 942, "cache_read_input_tokens": 70620, "cache_creation_input_tokens": 7586}}
{"timestamp": "2026-10-04T15:24:57.643955+00:00", "role": "developer", "task": "You are a Gate 1 evaluator. Your task: run Gate 1 evaluation for FR-09.\n\n[FR REQUIREMENTS — what FR-09 was supposed to deliver]\n### FR-09: 健康檢查與可觀測性\n\nCitation: SPEC L152-160.\n\n| Endpoint | Auth | Beha", "session_id": "e8ff0c90-d452-4503-8add-c56c177e73d2", "status": "complete", "substrate": "python", "phase": 3, "fr_id": "FR-09", "regression_flags": {}, "error_output": "{\"status\": \"DONE\", \"gate_score\": 100.0, \"pass\": true, \"failing_dims\": [], \"commit\": \"2135e3f\", \"summary\": \"FR-09 Gate 1 passed, 100.0\"}\n\nThe first `finalize-gate` run was blocked because my `type_safety` evidence was a paraphrase rather than real pyright output. I replaced the evidence in all three tool-backed dimensions with the actual captured output and re-ran. The second run passed.\n\nAll four dimensions scored 100: ruff clean, pyright 0 errors, 7 FR-09 tests passed with 83/83 statements cove", "exit_code": null, "duration_seconds": 59.258, "dispatch_attempt": 1, "total_cost_usd": 0.0783134, "num_turns": 5, "duration_api_ms": 13406, "usage": {"input_tokens": 10, "output_tokens": 1896, "cache_read_input_tokens": 78987, "cache_creation_input_tokens": 10884}}
{"timestamp": "2026-10-04T15:25:52.785606+00:00", "role": "CRITERIA_REVIEWER", "task": "You are the CRITERIA REVIEWER for FR-09. You review ONE question, and you have Read and Bash tools to answer it.\n\nTHE REQUIREMENT — verbatim from SPEC.md, the document the project was asked to build. ", "session_id": "31030562-b3c9-4c61-bce2-d21631a09eb0", "status": "complete", "substrate": "python", "phase": 3, "fr_id": "FR-09", "regression_flags": {}, "error_output": "{\"review_status\":\"APPROVE\",\"reason\":\"Each FR-09 requirement maps to an assertion that fails if it is violated. /healthz 200 {\\\"status\\\":\\\"ok\\\"} with no key: test_fr09.py:126 and :129. /readyz 200 when the DB is up and at head: :145. /readyz 503 when the DB is down: :169, and the body names \\\"database\\\" at :172. /readyz fails closed with 503 when the migration is behind (v2 vs v3): :198, and the body names \\\"migration\\\" at :201. /v1/metrics admin returns 200 with exact task counts by status at :2", "exit_code": null, "duration_seconds": 10.458, "dispatch_attempt": 1, "total_cost_usd": 0.049835599999999994, "num_turns": 3, "duration_api_ms": 9020, "usage": {"input_tokens": 4, "output_tokens": 980, "cache_read_input_tokens": 22238, "cache_creation_input_tokens": 8895}}
{"timestamp": "2026-10-04T15:25:57.851542+00:00", "role": "tdd-FR-09", "task": "", "session_id": "", "status": "complete", "substrate": "workflow", "phase_label": "P3 · Per-FR TDD", "reply_chars": 15}
{"timestamp": "2026-10-04T15:26:04.311986+00:00", "role": "gate1-verify-FR-09", "task": "", "session_id": "", "status": "complete", "substrate": "workflow", "phase_label": "P3 · Per-FR TDD", "reply_chars": 15}
{"timestamp": "2026-10-04T15:26:34.568989+00:00", "role": "tool:amend-sab", "task": "amend-sab for taskq-open (deterministic tool)", "session_id": "", "status": "COMPLETED", "substrate": "python", "step": "AMEND-SAB", "tool_kind": "amend-sab", "outcome": "completed", "rc": 0, "src_dir": "03-development/src", "dry_run": false, "strict": false}
{"timestamp": "2026-10-04T15:27:53.633230+00:00", "role": "developer", "task": "You are a Gate 1 evaluator. Your task: run Gate 1 evaluation for FR-10.\n\n[FR REQUIREMENTS — what FR-10 was supposed to deliver]\n### FR-10: 錯誤契約(RFC 7807)\n\nCitation: SPEC L162-168, §7 L331-347.\n\n**Acce", "session_id": "c5d991b1-0f9f-4b4f-9b76-61a1d4e02ed9", "status": "complete", "substrate": "python", "phase": 3, "fr_id": "FR-10", "regression_flags": {}, "error_output": "{\"status\": \"DONE\", \"gate_score\": 99.8, \"pass\": false, \"failing_dims\": [\"test_coverage\"], \"commit\": null, \"summary\": \"Blocked: test_coverage 99.1 < 100 (middleware.py:66)\"}\n\nGate 1 for FR-10 did not pass. `finalize-gate` printed `GATE 1 BLOCKED` with `dimension_below_threshold: test_coverage scored 99.1, needs 100.0 (gap 0.9)`.\n\n| Dimension | Result |\n|---|---|\n| linting | 100 (ruff passed) |\n| type_safety | 100 (pyright errorCount 0) |\n| architecture_constraints | 100 (3 contracts kept, 0 broken", "exit_code": null, "duration_seconds": 67.877, "dispatch_attempt": 1, "total_cost_usd": 0.17370059999999998, "num_turns": 8, "duration_api_ms": 19324, "usage": {"input_tokens": 16, "output_tokens": 2496, "cache_read_input_tokens": 235403, "cache_creation_input_tokens": 25407}}
{"timestamp": "2026-10-04T15:28:11.979347+00:00", "role": "developer", "task": "You are a coverage fixer for FR-10.\n\n[FORBIDDEN — read first]\n- Deleting or xfail-marking existing tests\n- Adding `# pragma: no cover` to lines that CAN be tested (only use it as a last resort for gen", "session_id": "f5a4b4c8-293e-42e4-b81a-4199569906da", "status": "complete", "substrate": "python", "phase": 3, "fr_id": "FR-10", "regression_flags": {}, "error_output": "{\"status\": \"DONE\", \"coverage_pct\": 100, \"tests_added\": 1, \"pragmas_added\": 0, \"commit\": \"1892779\", \"summary\": \"Added middleware re-raise test; 100% cov\"}", "exit_code": null, "duration_seconds": 16.846, "retry_round": 1, "dispatch_attempt": 1, "total_cost_usd": 0.06921619999999999, "num_turns": 5, "duration_api_ms": 11704, "usage": {"input_tokens": 10, "output_tokens": 1242, "cache_read_input_tokens": 73701, "cache_creation_input_tokens": 10509}}
{"timestamp": "2026-10-04T15:29:13.281563+00:00", "role": "developer", "task": "You are a Gate 1 evaluator. Your task: run Gate 1 evaluation for FR-10.\n\n[FR REQUIREMENTS — what FR-10 was supposed to deliver]\n### FR-10: 錯誤契約(RFC 7807)\n\nCitation: SPEC L162-168, §7 L331-347.\n\n**Acce", "session_id": "cc02deea-a58b-4b27-abd0-5ebf6ee874da", "status": "complete", "substrate": "python", "phase": 3, "fr_id": "FR-10", "regression_flags": {}, "error_output": "```json\n{\"status\": \"DONE\", \"gate_score\": 100.0, \"pass\": true, \"failing_dims\": [], \"commit\": \"1b0dd59\", \"summary\": \"FR-10 Gate1 PASS, score 100\"}\n```", "exit_code": null, "duration_seconds": 61.234, "dispatch_attempt": 1, "total_cost_usd": 0.152768, "num_turns": 6, "duration_api_ms": 16583, "usage": {"input_tokens": 12, "output_tokens": 1770, "cache_read_input_tokens": 169080, "cache_creation_input_tokens": 25307}}
{"timestamp": "2026-10-04T15:30:57.201685+00:00", "role": "CRITERIA_REVIEWER", "task": "You are the CRITERIA REVIEWER for FR-10. You review ONE question, and you have Read and Bash tools to answer it.\n\nTHE REQUIREMENT — verbatim from SPEC.md, the document the project was asked to build. ", "session_id": "cdb39876-5d48-4fcb-9eea-5712a37c394b", "status": "complete", "substrate": "python", "phase": 3, "fr_id": "FR-10", "regression_flags": {}, "error_output": "{\"review_status\":\"REJECT\",\"reason\":\"Four of the five FR-10 requirements map to assertions that fail on violation. The `detail` no-leak requirement (SPEC.md:166) does not. Content-Type is asserted at test_fr10.py:144 and :163, and the body fields at :177-:183. The correlation id in header, body and log is asserted at :217, :219 and :434. The 422/401/403/404/409/429/503/500 mapping is asserted at :140 and :142 via _assert_mapping. The no-leak requirement is only partly pinned. Its forbidden tokens", "exit_code": null, "duration_seconds": 17.069, "dispatch_attempt": 1, "total_cost_usd": 0.0759484, "num_turns": 3, "duration_api_ms": 15793, "usage": {"input_tokens": 4, "output_tokens": 1839, "cache_read_input_tokens": 22472, "cache_creation_input_tokens": 13264}}
{"timestamp": "2026-10-04T15:32:04.784460+00:00", "role": "CRITERIA_REVIEWER", "task": "You are the CRITERIA REVIEWER for FR-10. You review ONE question, and you have Read and Bash tools to answer it.\n\nTHE REQUIREMENT — verbatim from SPEC.md, the document the project was asked to build. ", "session_id": "bfae4bac-da47-465b-b242-dfa020a0ced9", "status": "complete", "substrate": "python", "phase": 3, "fr_id": "FR-10", "regression_flags": {}, "error_output": "{\"review_status\":\"APPROVE\",\"reason\":\"Every FR-10 requirement maps to a failing assertion. (1) Content-Type problem+json: test_fr10.py:164 (_assert_mapping, run for 401/403/404/409/422/429/503/500) and :183. (2) Body fields type/title/status/detail/instance/correlation_id: :197-203, including instance == request path at :202. (3) detail leaks no SQL, trace, path or schema: the 500 route is injected with a leaky message and checked at :218-220, with the _assert_no_leak patterns at :137-152. The sa", "exit_code": null, "duration_seconds": 12.781, "dispatch_attempt": 1, "total_cost_usd": 0.0698464, "num_turns": 3, "duration_api_ms": 11007, "usage": {"input_tokens": 4, "output_tokens": 1100, "cache_read_input_tokens": 22492, "cache_creation_input_tokens": 13585}}
{"timestamp": "2026-10-04T15:32:10.811026+00:00", "role": "tdd-FR-10", "task": "", "session_id": "", "status": "complete", "substrate": "workflow", "phase_label": "P3 · Per-FR TDD", "reply_chars": 15}
{"timestamp": "2026-10-04T15:32:16.985148+00:00", "role": "gate1-verify-FR-10", "task": "", "session_id": "", "status": "complete", "substrate": "workflow", "phase_label": "P3 · Per-FR TDD", "reply_chars": 15}
{"timestamp": "2026-10-04T18:15:26.031344+00:00", "role": "tool:amend-sab", "task": "amend-sab for taskq-open (deterministic tool)", "session_id": "", "status": "COMPLETED", "substrate": "python", "step": "AMEND-SAB", "tool_kind": "amend-sab", "outcome": "dry_run", "rc": 0, "src_dir": "03-development/src", "dry_run": true, "strict": false}
{"timestamp": "2026-10-04T18:16:10.462830+00:00", "role": "resolve-repo", "task": "", "session_id": "", "status": "complete", "substrate": "workflow", "phase_label": "", "reply_chars": 38}
{"timestamp": "2026-10-04T18:16:16.436002+00:00", "role": "phase-cursor", "task": "", "session_id": "", "status": "complete", "substrate": "workflow", "phase_label": "Phase Cursor", "reply_chars": 15}
{"timestamp": "2026-10-04T18:16:46.697469+00:00", "role": "preflight-probe", "task": "You are an unattended environment probe in a headless pipeline. There is NO human: never ask for permission or confirmation.\nRun these THREE commands via the Bash tool, in order, and paste each comman", "session_id": "d8df8805-a7c3-4440-9e67-4b0d174749be", "status": "complete", "substrate": "python", "phase": 3, "fr_id": null, "regression_flags": {}, "error_output": "1. \n```\npytest 8.4.2\n```\n\n2. \n```\nExit code 1\nOn branch main\nYour branch is ahead of 'origin/main' by 1 commit.\n  (use \"git push\" to publish your local commits)\n\nChanges not staged for commit:\n  (use \"git add <file>...\" to update what will be committed)\n  (use \"git restore <file>...\" to discard changes in working directory)\n\tmodified:   .methodology/workflow_blocks.jsonl\n\nUntracked files:\n  (use \"git add <file>...\" to include in what will be committed)\n\t.methodology/agent_b_approvals/FR-10.json\n", "exit_code": null, "duration_seconds": 5.663, "dispatch_attempt": 1, "total_cost_usd": 0.0569656, "num_turns": 4, "duration_api_ms": 4021, "usage": {"input_tokens": 4, "output_tokens": 561, "cache_read_input_tokens": 11618, "cache_creation_input_tokens": 12256}}
{"timestamp": "2026-10-04T18:16:46.698222+00:00", "role": "preflight-probe", "task": "substrate preflight probe", "session_id": "", "status": "PREFLIGHT_OK", "substrate": "python", "phase": 3, "fr_id": null, "regression_flags": {}, "error_output": "pytest_ok=True git_ok=True canary_ok=True permission_mode=bypassPermissions setting_sources='' | g directory)\n\tmodified:   .methodology/workflow_blocks.jsonl\n\nUntracked files:\n  (use \"git add <file>...\" to include in what will be committed)\n\t.methodology/agent_b_approvals/FR-10.json\n\nno changes added to commit (use \"git add\" and/or \"git commit -a\")\n```\n\n3. \n```\nPREFLIGHT_SUBSTRATE_CANARY_OK\n```", "exit_code": null}
{"timestamp": "2026-10-04T18:16:56.051395+00:00", "role": "preflight", "task": "", "session_id": "", "status": "complete", "substrate": "workflow", "phase_label": "P3 · Entry & Preflight", "reply_chars": 15}
{"timestamp": "2026-10-04T18:17:46.948819+00:00", "role": "env-check", "task": "", "session_id": "", "status": "complete", "substrate": "workflow", "phase_label": "P3 · Env Check", "reply_chars": 15}
{"timestamp": "2026-10-04T18:17:53.508974+00:00", "role": "ctx-regen-1", "task": "", "session_id": "", "status": "complete", "substrate": "workflow", "phase_label": "P3 · Load FRs", "reply_chars": 13}
{"timestamp": "2026-10-04T18:18:01.449068+00:00", "role": "load-ctx-a1", "task": "", "session_id": "", "status": "complete", "substrate": "workflow", "phase_label": "P3 · Load FRs", "reply_chars": 15}
{"timestamp": "2026-10-04T18:18:08.410807+00:00", "role": "gate1-precheck", "task": "", "session_id": "", "status": "complete", "substrate": "workflow", "phase_label": "P3 · Load FRs", "reply_chars": 15}
{"timestamp": "2026-10-04T18:19:36.674683+00:00", "role": "developer", "task": "You are a Gate 1 evaluator. Your task: run Gate 1 evaluation for FR-03.\n\n[FR REQUIREMENTS — what FR-03 was supposed to deliver]\n### FR-03: API Key 認證\n\nCitation: SPEC L101-107.\n\n**Acceptance criteria (", "session_id": "bc77a8e4-1767-441a-ab44-21fbefd30e83", "status": "complete", "substrate": "python", "phase": 3, "fr_id": "FR-03", "regression_flags": {}, "error_output": "```json\n{\"status\": \"DONE\", \"gate_score\": 100.0, \"pass\": true, \"failing_dims\": [], \"commit\": \"c1d31ab\", \"summary\": \"FR-03 Gate1 PASS, 100.0\"}\n```\n\nAll four dimensions scored 100: ruff clean, pyright 0 errors, 19 tests passed with 100% coverage on the FR-03 files, and 3 import-linter contracts kept. The first `finalize-gate` run blocked because I had paraphrased the pyright `tool_evidence`. I replaced it with the real pyright output and the second run passed.", "exit_code": null, "duration_seconds": 51.994, "dispatch_attempt": 1, "total_cost_usd": 0.07141180000000001, "num_turns": 5, "duration_api_ms": 12399, "usage": {"input_tokens": 10, "output_tokens": 1689, "cache_read_input_tokens": 77309, "cache_creation_input_tokens": 9760}}
{"timestamp": "2026-10-04T18:20:26.764478+00:00", "role": "CRITERIA_REVIEWER", "task": "You are the CRITERIA REVIEWER for FR-03. You review ONE question, and you have Read and Bash tools to answer it.\n\nTHE REQUIREMENT — verbatim from SPEC.md, the document the project was asked to build. ", "session_id": "b42f2b16-2249-469a-9a80-1b7e1ded7e34", "status": "complete", "substrate": "python", "phase": 3, "fr_id": "FR-03", "regression_flags": {}, "error_output": "{\"review_status\":\"REJECT\",\"reason\":\"Most FR-03 requirements map to real assertions: 401 plus problem+json on missing or invalid keys (test_fr03.py:137-140, 151-156), SHA-256 hash only with no plaintext in the DB (179-185), plaintext printed once (206), revoked key rejected (239, 270), and health endpoints open (252-256). Two requirements are not covered. (1) 'All /v1/* endpoints require X-API-Key': every auth test hits only /v1/tasks, via GET at lines 133 and 147 and POST at line 264. The source", "exit_code": null, "duration_seconds": 15.166, "dispatch_attempt": 1, "total_cost_usd": 0.062819, "num_turns": 3, "duration_api_ms": 13750, "usage": {"input_tokens": 6, "output_tokens": 1341, "cache_read_input_tokens": 40985, "cache_creation_input_tokens": 10300}}
{"timestamp": "2026-10-04T18:21:02.054007+00:00", "role": "CRITERIA_REVIEWER", "task": "You are the CRITERIA REVIEWER for FR-03. You review ONE question, and you have Read and Bash tools to answer it.\n\nTHE REQUIREMENT — verbatim from SPEC.md, the document the project was asked to build. ", "session_id": "61e4a45b-a0a0-43ee-a451-5c21ae88017a", "status": "complete", "substrate": "python", "phase": 3, "fr_id": "FR-03", "regression_flags": {}, "error_output": "{\"review_status\":\"APPROVE\",\"reason\":\"Each normative SPEC.md FR-03 bullet maps to an assertion that fails if the requirement is violated. (1) /v1/* needs a key and a missing or invalid key gives 401 problem+json: test_fr03.py:138-141 (missing key), :152-155 plus :157 (invalid key, with a valid key still accepted so deny-all fails), and :174-175 (every registered /v1 route returns 401). (2) SHA-256 hash only, no plaintext: :198-202 compare the stored key_hash with sha256 of the printed key, and :2", "exit_code": null, "duration_seconds": 11.585, "dispatch_attempt": 1, "total_cost_usd": 0.0549782, "num_turns": 2, "duration_api_ms": 10203, "usage": {"input_tokens": 4, "output_tokens": 1159, "cache_read_input_tokens": 22301, "cache_creation_input_tokens": 9730}}
{"timestamp": "2026-10-04T18:21:08.323864+00:00", "role": "tdd-FR-03", "task": "", "session_id": "", "status": "complete", "substrate": "workflow", "phase_label": "P3 · Per-FR TDD", "reply_chars": 15}
{"timestamp": "2026-10-04T18:21:15.854418+00:00", "role": "gate1-verify-FR-03", "task": "", "session_id": "", "status": "complete", "substrate": "workflow", "phase_label": "P3 · Per-FR TDD", "reply_chars": 15}
{"timestamp": "2026-10-04T18:21:23.170040+00:00", "role": "milestone-p3-mid", "task": "", "session_id": "", "status": "complete", "substrate": "workflow", "phase_label": "P3 · Per-FR TDD", "reply_chars": 435}
{"timestamp": "2026-10-04T18:23:41.546896+00:00", "role": "milestone-pre-gate2", "task": "", "session_id": "", "status": "complete", "substrate": "workflow", "phase_label": "P3 · Milestones", "reply_chars": 15}
{"timestamp": "2026-10-04T18:23:46.936791+00:00", "role": "gate2-precheck", "task": "", "session_id": "", "status": "complete", "substrate": "workflow", "phase_label": "P3 · Gate 2", "reply_chars": 15}
{"timestamp": "2026-10-04T18:23:52.612231+00:00", "role": "g2-integrity-r1", "task": "", "session_id": "", "status": "complete", "substrate": "workflow", "phase_label": "P3 · Gate 2", "reply_chars": 15}
{"timestamp": "2026-10-04T22:15:21.831279+00:00", "role": "gate2-r1", "task": "", "session_id": "", "status": "complete", "substrate": "workflow", "phase_label": "P3 · Gate 2", "reply_chars": 3642}
{"timestamp": "2026-10-04T22:15:45.506847+00:00", "role": "gate2-verify-r1", "task": "", "session_id": "", "status": "complete", "substrate": "workflow", "phase_label": "P3 · Gate 2", "reply_chars": 15}
{"timestamp": "2026-10-04T22:16:11.310688+00:00", "role": "preview-next-phase-r1", "task": "", "session_id": "", "status": "complete", "substrate": "workflow", "phase_label": "P3 · Preview Next-Phase", "reply_chars": 15}
{"timestamp": "2026-10-04T22:33:18.995928+00:00", "role": "CRITERIA_REVIEWER", "task": "You are the CRITERIA REVIEWER for FR-01. You review ONE question, and you have Read and Bash tools to answer it.\n\nTHE REQUIREMENT — verbatim from SPEC.md, the document the project was asked to build. ", "session_id": "3cba7bb6-73fb-4295-b2fa-2ba7409feccb", "status": "complete", "substrate": "python", "phase": 3, "fr_id": "FR-01", "regression_flags": {}, "error_output": "{\"review_status\":\"REJECT\",\"reason\":\"Most FR-01 requirements map to assertions that fail on violation. 201 create is asserted at test_fr01.py:147, and the 404 on an unknown id at :268. Validation 422 is asserted at :251 and :354, and the 1000-char boundary at :364. The injection blacklist is asserted at :376, and duplicate name returns 409 at :392 (consistent with SPEC.md:341 and :364). Cursor pagination is asserted at :295 and :289. The default limit of 50 is asserted at :320, 200 accepted at :3", "exit_code": null, "duration_seconds": 12.981, "dispatch_attempt": 1, "total_cost_usd": 0.0808836, "num_turns": 4, "duration_api_ms": 11656, "usage": {"input_tokens": 6, "output_tokens": 1262, "cache_read_input_tokens": 42738, "cache_creation_input_tokens": 14926}}
{"timestamp": "2026-10-04T22:33:30.746221+00:00", "role": "CRITERIA_REVIEWER", "task": "You are the CRITERIA REVIEWER for FR-02. You review ONE question, and you have Read and Bash tools to answer it.\n\nTHE REQUIREMENT — verbatim from SPEC.md, the document the project was asked to build. ", "session_id": "59c0b995-df2c-4e22-823c-ed0320b82762", "status": "complete", "substrate": "python", "phase": 3, "fr_id": "FR-02", "regression_flags": {}, "error_output": "{\"review_status\":\"REJECT\",\"reason\":\"Most FR-02 requirements map to a failing assertion: 202 and run_id (test_fr02.py:182,184), exec without shell and timeout (:224-233), the state machine (:257,268,281,309-311), the task_results columns (:331-339) and newest-first order (:379-383). The two scope requirements, `POST /run` (scope write) and `GET /runs` (scope read), have no assertion. Every POST uses the write key and every GET uses the read key, and nothing sends a wrong-scope or missing key and ", "exit_code": null, "duration_seconds": 11.569, "dispatch_attempt": 1, "total_cost_usd": 0.0652754, "num_turns": 2, "duration_api_ms": 10257, "usage": {"input_tokens": 4, "output_tokens": 973, "cache_read_input_tokens": 22587, "cache_creation_input_tokens": 12755}}
{"timestamp": "2026-10-04T22:33:44.852640+00:00", "role": "CRITERIA_REVIEWER", "task": "You are the CRITERIA REVIEWER for FR-05. You review ONE question, and you have Read and Bash tools to answer it.\n\nTHE REQUIREMENT — verbatim from SPEC.md, the document the project was asked to build. ", "session_id": "dfaa9370-b436-4170-8aed-e115a1019975", "status": "complete", "substrate": "python", "phase": 3, "fr_id": "FR-05", "regression_flags": {}, "error_output": "{\"review_status\":\"APPROVE\",\"reason\":\"Each FR-05 clause maps to an assertion that fails if it is violated. Capacity (TASKQ_RATE_BURST) is checked at test_fr05.py:130 and :147, where the OK count must equal the burst of 20 and the next request must be 429. Refill (TASKQ_RATE_PER_SEC) is checked at :134 and :201, where 2.0/s over 1s must admit exactly 2 more requests. Per-token isolation is checked at :187. The 429 status is checked at :166. The problem+json content type and type are checked at :16", "exit_code": null, "duration_seconds": 13.924, "dispatch_attempt": 1, "total_cost_usd": 0.0598934, "num_turns": 3, "duration_api_ms": 12350, "usage": {"input_tokens": 4, "output_tokens": 1234, "cache_read_input_tokens": 22407, "cache_creation_input_tokens": 10766}}
{"timestamp": "2026-10-04T22:34:00.805052+00:00", "role": "CRITERIA_REVIEWER", "task": "You are the CRITERIA REVIEWER for FR-06. You review ONE question, and you have Read and Bash tools to answer it.\n\nTHE REQUIREMENT — verbatim from SPEC.md, the document the project was asked to build. ", "session_id": "bb739190-97dc-46d4-9f1d-f49df7876000", "status": "complete", "substrate": "python", "phase": 3, "fr_id": "FR-06", "regression_flags": {}, "error_output": "{\"review_status\":\"APPROVE\",\"reason\":\"Each FR-06 rule maps to an assertion that fails when it is violated. (1) No Session in the business layer: test_fr06.py:187 AST-scans service/ for the name Session, and :185 checks UnitOfWork is not a Session. (2) Commit on success and rollback on exception: :208/:210 on success, :226/:228/:230 on RuntimeError, :251/:253/:255 on CancelledError, all counting real Session after_commit and after_rollback events and checking persistence. (3) No string-built SQL: ", "exit_code": null, "duration_seconds": 15.774, "dispatch_attempt": 1, "total_cost_usd": 0.0650054, "num_turns": 3, "duration_api_ms": 14478, "usage": {"input_tokens": 4, "output_tokens": 1616, "cache_read_input_tokens": 22487, "cache_creation_input_tokens": 11085}}
{"timestamp": "2026-10-04T22:34:59.182779+00:00", "role": "CRITERIA_REVIEWER", "task": "You are the CRITERIA REVIEWER for FR-01. You review ONE question, and you have Read and Bash tools to answer it.\n\nTHE REQUIREMENT — verbatim from SPEC.md, the document the project was asked to build. ", "session_id": "03bb419d-f8ef-4ef9-b1d7-ba8b023afac3", "status": "complete", "substrate": "python", "phase": 3, "fr_id": "FR-01", "regression_flags": {}, "error_output": "{\"review_status\":\"REJECT\",\"reason\":\"Most FR-01 requirements map to failing assertions: scope bindings at test_fr01.py:466 and :480, 422 rules at :345-:376, the 409 duplicate name at :392, cursor pagination at :293-:295, limit default 50 and cap 200 at :320, :332 and :339, and GET 404 at :268. Two normative requirements have no assertion that would fail if they were violated. (1) DELETE must remove the task together with its result rows 'in the same transaction' (SPEC.md:86). Lines 231-235 check ", "exit_code": null, "duration_seconds": 19.449, "dispatch_attempt": 1, "total_cost_usd": 0.0905938, "num_turns": 4, "duration_api_ms": 18149, "usage": {"input_tokens": 6, "output_tokens": 2116, "cache_read_input_tokens": 45469, "cache_creation_input_tokens": 15082}}
{"timestamp": "2026-10-04T22:35:11.696588+00:00", "role": "CRITERIA_REVIEWER", "task": "You are the CRITERIA REVIEWER for FR-02. You review ONE question, and you have Read and Bash tools to answer it.\n\nTHE REQUIREMENT — verbatim from SPEC.md, the document the project was asked to build. ", "session_id": "88bb21c5-90fb-4b3a-b42f-7bd5f3e130d3", "status": "complete", "substrate": "python", "phase": 3, "fr_id": "FR-02", "regression_flags": {}, "error_output": "{\"review_status\":\"APPROVE\",\"reason\":\"Each FR-02 requirement maps to an assertion that fails when it is violated. (1) POST /run returns 202 with a run_id: test_fr02.py:182-185 and the history check at :190. (2) Spawn via create_subprocess_exec(*shlex.split(command)), never the shell: the spy at :224-231 asserts a single exec call, no shell kwarg, and argv equal to shlex.split. Timeout comes from TASKQ_TASK_TIMEOUT: :222-223 and :233 (0.5s kills a 30s sleep), and :244-245 (0.4s times out while 10s", "exit_code": null, "duration_seconds": 12.334, "dispatch_attempt": 1, "total_cost_usd": 0.07530020000000001, "num_turns": 4, "duration_api_ms": 10848, "usage": {"input_tokens": 6, "output_tokens": 1184, "cache_read_input_tokens": 44501, "cache_creation_input_tokens": 13637}}
{"timestamp": "2026-10-04T22:36:10.628912+00:00", "role": "CRITERIA_REVIEWER", "task": "You are the CRITERIA REVIEWER for FR-01. You review ONE question, and you have Read and Bash tools to answer it.\n\nTHE REQUIREMENT — verbatim from SPEC.md, the document the project was asked to build. ", "session_id": "0b7b38ac-8010-4880-b3b8-56f676e57d3e", "status": "complete", "substrate": "python", "phase": 3, "fr_id": "FR-01", "regression_flags": {}, "error_output": "{\"review_status\":\"APPROVE\",\"reason\":\"Each FR-01 requirement maps to an assertion that fails when it is violated. POST/GET/DELETE behaviour and scope: test_fr01.py:148 (201), :168 (all fields), :230 and :232-:236 (delete removes the task and its result rows), :467 and :481 (403 and 401 per scope). Validation: :251-:254 (empty command → 422), :353-:356 (1001 chars → 422), :366 (exactly 1000 accepted), :375-:379 and :405-:407 (`;` rejected, nothing stored), :518 (blank or over-long name → 422). Nam", "exit_code": null, "duration_seconds": 16.181, "dispatch_attempt": 1, "total_cost_usd": 0.0830032, "num_turns": 4, "duration_api_ms": 14786, "usage": {"input_tokens": 6, "output_tokens": 1670, "cache_read_input_tokens": 46276, "cache_creation_input_tokens": 14259}}
{"timestamp": "2026-10-04T22:37:48.042139+00:00", "role": "advance-r1", "task": "", "session_id": "", "status": "complete", "substrate": "workflow", "phase_label": "P3 · Advance", "reply_chars": 2574}
{"timestamp": "2026-10-04T22:37:53.651279+00:00", "role": "advance-verify-r1", "task": "", "session_id": "", "status": "complete", "substrate": "workflow", "phase_label": "P3 · Advance", "reply_chars": 15}
{"timestamp": "2026-10-04T22:38:34.710120+00:00", "role": "sync-1", "task": "", "session_id": "", "status": "complete", "substrate": "workflow", "phase_label": "P3 · Sync", "reply_chars": 1942}
{"timestamp": "2026-10-04T22:41:19.012281+00:00", "role": "preflight-probe", "task": "You are an unattended environment probe in a headless pipeline. There is NO human: never ask for permission or confirmation.\nRun these THREE commands via the Bash tool, in order, and paste each comman", "session_id": "02b79d9e-5af7-4949-acd3-db9ef0b0f66c", "status": "complete", "substrate": "python", "phase": 4, "fr_id": null, "regression_flags": {}, "error_output": "1. `python3 -m pytest --version`\n```\npytest 8.4.2\n```\n\n2. `git -C /Users/johnny/projects/taskq-open commit -m 'preflight-probe' --dry-run` (exit code 1)\n```\nOn branch main\nYour branch is ahead of 'origin/main' by 3 commits.\n  (use \"git push\" to publish your local commits)\n\nChanges not staged for commit:\n  (use \"git add <file>...\" to update what will be committed)\n  (use \"git restore <file>...\" to discard changes in working directory)\n\tmodified:   .methodology/gate_verify.jsonl\n\nno changes added ", "exit_code": null, "duration_seconds": 7.118, "dispatch_attempt": 1, "total_cost_usd": 0.0203448, "num_turns": 4, "duration_api_ms": 5792, "usage": {"input_tokens": 4, "output_tokens": 598, "cache_read_input_tokens": 21304, "cache_creation_input_tokens": 2524}}
{"timestamp": "2026-10-04T22:41:19.013002+00:00", "role": "preflight-probe", "task": "substrate preflight probe", "session_id": "", "status": "PREFLIGHT_OK", "substrate": "python", "phase": 4, "fr_id": null, "regression_flags": {}, "error_output": "pytest_ok=True git_ok=True canary_ok=True permission_mode=bypassPermissions setting_sources='' | e committed)\n  (use \"git restore <file>...\" to discard changes in working directory)\n\tmodified:   .methodology/gate_verify.jsonl\n\nno changes added to commit (use \"git add\" and/or \"git commit -a\")\n```\n\n3. `python3 -c 'print(\"PREFLIGHT_SUBSTRATE_\" + \"CANARY_OK\")'`\n```\nPREFLIGHT_SUBSTRATE_CANARY_OK\n```", "exit_code": null}
{"timestamp": "2026-10-04T22:41:28.135002+00:00", "role": "sync-2", "task": "", "session_id": "", "status": "complete", "substrate": "workflow", "phase_label": "P3 · Sync", "reply_chars": 1299}
{"timestamp": "2026-10-04T22:42:08.953945+00:00", "role": "preflight", "task": "", "session_id": "", "status": "complete", "substrate": "workflow", "phase_label": "P4 · Entry & Preflight", "reply_chars": 15}
{"timestamp": "2026-10-04T22:43:40.591528+00:00", "role": "test-plan", "task": "", "session_id": "", "status": "complete", "substrate": "workflow", "phase_label": "P4 · Test Plan", "reply_chars": 15}
{"timestamp": "2026-10-04T22:43:58.449478+00:00", "role": "env-check", "task": "", "session_id": "", "status": "complete", "substrate": "workflow", "phase_label": "P4 · Env Check", "reply_chars": 15}
{"timestamp": "2026-10-04T22:44:04.343670+00:00", "role": "load-ctx-a1", "task": "", "session_id": "", "status": "complete", "substrate": "workflow", "phase_label": "P4 · Load FRs", "reply_chars": 15}
{"timestamp": "2026-10-04T22:44:10.288725+00:00", "role": "ctx-regen-1", "task": "", "session_id": "", "status": "complete", "substrate": "workflow", "phase_label": "P4 · Load FRs", "reply_chars": 13}
{"timestamp": "2026-10-04T22:44:16.799540+00:00", "role": "load-ctx-a2", "task": "", "session_id": "", "status": "complete", "substrate": "workflow", "phase_label": "P4 · Load FRs", "reply_chars": 15}
{"timestamp": "2026-10-04T22:45:42.376838+00:00", "role": "developer", "task": "You are a Gate 1 evaluator. Your task: run Gate 1 evaluation for FR-01.\n\n[FR REQUIREMENTS — what FR-01 was supposed to deliver]\n### FR-01: 任務資源 CRUD API\n\nCitation: SPEC L79-91.\n\n| Method | Path | scop", "session_id": "e96db0bf-2fc9-4c97-9306-1e11be887816", "status": "complete", "substrate": "python", "phase": 4, "fr_id": "FR-01", "regression_flags": {}, "error_output": "```json\n{\"status\": \"DONE\", \"gate_score\": 100.0, \"pass\": true, \"failing_dims\": [], \"commit\": \"238bff8\", \"summary\": \"FR-01 Gate 1 passed, all dims 100\"}\n```\n\nThe first finalize-gate run blocked because I had paraphrased the pyright `tool_evidence`. I replaced it with the real pyright output and the second run passed.\n\nAll four dimensions scored 100:\n- **Linting:** ruff reported all checks passed.\n- **Type safety:** pyright reported 0 errors and 0 warnings.\n- **Test coverage:** 29 FR-01 tests passe", "exit_code": null, "duration_seconds": 82.099, "dispatch_attempt": 1, "total_cost_usd": 0.0985366, "num_turns": 8, "duration_api_ms": 24270, "usage": {"input_tokens": 16, "output_tokens": 2436, "cache_read_input_tokens": 137743, "cache_creation_input_tokens": 11649}}
{"timestamp": "2026-10-04T22:48:30.958038+00:00", "role": "developer", "task": "You are a Gate 1 evaluator. Your task: run Gate 1 evaluation for FR-02.\n\n[FR REQUIREMENTS — what FR-02 was supposed to deliver]\n### FR-02: 任務執行端點\n\nCitation: SPEC L93-99.\n\n**Acceptance criteria (FR-02)", "session_id": "47ecb2c9-4604-4fb0-bd2f-13a8c2309c22", "status": "complete", "substrate": "python", "phase": 4, "fr_id": "FR-02", "regression_flags": {}, "error_output": "```json\n{\"status\": \"DONE\", \"gate_score\": 100.0, \"pass\": true, \"failing_dims\": [], \"commit\": \"d071433\", \"summary\": \"FR-02 Gate1 PASS, all 4 dims 100\"}\n```\n\nAll four tools passed on the first run:\n- **Lint and types:** ruff passed and pyright reported 0 errors.\n- **Tests and coverage:** 25 tests passed, and the four FR-02 source files are at 100% coverage (142/142 statements). All 11 required FR-02 tests exist.\n- **Architecture:** lint-imports kept 3 contracts and broke 0.\n\nThe first two `finalize", "exit_code": null, "duration_seconds": 135.23, "dispatch_attempt": 1, "total_cost_usd": 0.1009566, "num_turns": 7, "duration_api_ms": 37660, "usage": {"input_tokens": 14, "output_tokens": 2907, "cache_read_input_tokens": 118473, "cache_creation_input_tokens": 12041}}
{"timestamp": "2026-10-04T22:50:13.744811+00:00", "role": "developer", "task": "You are a Gate 1 evaluator. Your task: run Gate 1 evaluation for FR-03.\n\n[FR REQUIREMENTS — what FR-03 was supposed to deliver]\n### FR-03: API Key 認證\n\nCitation: SPEC L101-107.\n\n**Acceptance criteria (", "session_id": "b32fb877-fa73-4500-9b2e-817d4b19779b", "status": "complete", "substrate": "python", "phase": 4, "fr_id": "FR-03", "regression_flags": {}, "error_output": "{\"status\":\"DONE\",\"gate_score\":99.01,\"pass\":true,\"failing_dims\":[],\"commit\":\"a4b8c73\",\"summary\":\"Gate1 PASS; coverage 96% on FR-03 files\"}\n\nThe first finalize-gate run was blocked because my pyright `tool_evidence` was a summary, not real pyright output. I replaced it with the actual output and the second run passed. Every dimension scored 100 except test_coverage at 96.05, which is below its 100 threshold but still passes the 80 gate. The 3 uncovered lines are in the FR-03 source files (`service", "exit_code": null, "duration_seconds": 70.749, "dispatch_attempt": 1, "total_cost_usd": 0.07070280000000001, "num_turns": 5, "duration_api_ms": 12740, "usage": {"input_tokens": 10, "output_tokens": 1723, "cache_read_input_tokens": 76884, "cache_creation_input_tokens": 9519}}
{"timestamp": "2026-10-04T22:52:17.333075+00:00", "role": "developer", "task": "You are a Gate 1 evaluator. Your task: run Gate 1 evaluation for FR-04.\n\n[FR REQUIREMENTS — what FR-04 was supposed to deliver]\n### FR-04: Scope 授權\n\nCitation: SPEC L109-113.\n\n**Acceptance criteria (FR", "session_id": "04979a3b-d02c-4287-94cb-20446da6a67c", "status": "complete", "substrate": "python", "phase": 4, "fr_id": "FR-04", "regression_flags": {}, "error_output": "Gate 1 for FR-04 passed with a score of 100.0, and finalize-gate committed it as dcf4de5.\n\nI did not check whether the code does what the requirement says. All four dimensions scored 100: ruff and pyright were clean, `lint-imports` kept 3 of 3 contracts, and the 22 FR-04 and FR-03 tests passed. `deps.py` and `auth.py` have 100% line coverage, and all 7 required test names exist.\n\nfinalize-gate blocked me twice because I had put paraphrased or incomplete text in `tool_evidence`. I replaced it wit", "exit_code": null, "duration_seconds": 90.703, "dispatch_attempt": 1, "total_cost_usd": 0.08343199999999999, "num_turns": 6, "duration_api_ms": 16014, "usage": {"input_tokens": 12, "output_tokens": 2235, "cache_read_input_tokens": 95670, "cache_creation_input_tokens": 10481}}
{"timestamp": "2026-10-04T22:54:02.027096+00:00", "role": "developer", "task": "You are a Gate 1 evaluator. Your task: run Gate 1 evaluation for FR-05.\n\n[FR REQUIREMENTS — what FR-05 was supposed to deliver]\n### FR-05: 流量控制\n\nCitation: SPEC L115-120.\n\n**Acceptance criteria (FR-05)", "session_id": "88fd2e0b-aa4e-458c-924a-b0249e8251cf", "status": "complete", "substrate": "python", "phase": 4, "fr_id": "FR-05", "regression_flags": {}, "error_output": "{\"status\": \"DONE\", \"gate_score\": 99.52, \"pass\": true, \"failing_dims\": [], \"commit\": \"996e094\", \"summary\": \"FR-05 Gate1 PASS; coverage 98.08%\"}\n\nThe first `finalize-gate` was BLOCKED because my `type_safety` evidence didn't look like real pyright output. I replaced it with the first 500 characters of the saved pyright run, and the second `finalize-gate` passed.\n\n- **Linting:** ruff passed with no violations (100).\n- **Type safety:** pyright reported 0 errors (100).\n- **Test coverage:** all 9 FR-0", "exit_code": null, "duration_seconds": 72.389, "dispatch_attempt": 1, "total_cost_usd": 0.07426, "num_turns": 5, "duration_api_ms": 14444, "usage": {"input_tokens": 10, "output_tokens": 1907, "cache_read_input_tokens": 77310, "cache_creation_input_tokens": 9927}}
{"timestamp": "2026-10-04T22:55:45.247635+00:00", "role": "developer", "task": "You are a Gate 1 evaluator. Your task: run Gate 1 evaluation for FR-06.\n\n[FR REQUIREMENTS — what FR-06 was supposed to deliver]\n### FR-06: 持久化層與交易邊界\n\nCitation: SPEC L122-128.\n\n**Acceptance criteria (F", "session_id": "31eea856-2b75-427b-b37b-4a75c966400d", "status": "complete", "substrate": "python", "phase": 4, "fr_id": "FR-06", "regression_flags": {}, "error_output": "{\"status\": \"DONE\", \"gate_score\": 100.0, \"pass\": true, \"failing_dims\": [], \"commit\": \"5962a1b\", \"summary\": \"FR-06 Gate1 PASS, 100.0\"}\n\nThe first `finalize-gate` was BLOCKED because I had paraphrased the pyright `tool_evidence`. I replaced it with the raw pyright output and the second run passed.\n\nI did not check whether the code does what FR-06 says beyond the tools. The tools show no gap.\n\n- **linting:** ruff reported \"All checks passed!\", score 100.\n- **type_safety:** pyright reported 0 errors ", "exit_code": null, "duration_seconds": 70.462, "dispatch_attempt": 1, "total_cost_usd": 0.0725248, "num_turns": 5, "duration_api_ms": 13058, "usage": {"input_tokens": 10, "output_tokens": 1826, "cache_read_input_tokens": 76704, "cache_creation_input_tokens": 9726}}
{"timestamp": "2026-10-04T22:57:31.821198+00:00", "role": "developer", "task": "You are a Gate 1 evaluator. Your task: run Gate 1 evaluation for FR-07.\n\n[FR REQUIREMENTS — what FR-07 was supposed to deliver]\n### FR-07: Schema Migration(Alembic 三步演進)\n\nCitation: SPEC L130-143.\n\n| r", "session_id": "32da1b6b-2a50-45ed-84a5-bbf9b1458b36", "status": "complete", "substrate": "python", "phase": 4, "fr_id": "FR-07", "regression_flags": {}, "error_output": "```json\n{\"status\": \"DONE\", \"gate_score\": 97.1, \"pass\": true, \"failing_dims\": [], \"commit\": \"967a90c\", \"summary\": \"FR-07 Gate1 PASS 97.1; coverage 88%\"}\n```\n\nThe gate passed, but test coverage is below its threshold. All 8 required FR-07 tests exist and pass. FR-07 source coverage is 88.35% against a target of 100, so that dimension scored 88.35.\n\n- **Linting:** 100 (ruff passed).\n- **Type safety:** 100 (pyright reported 0 errors).\n- **Architecture:** 100 (3 import-linter contracts kept, 0 broken", "exit_code": null, "duration_seconds": 73.768, "dispatch_attempt": 1, "total_cost_usd": 0.07686780000000001, "num_turns": 5, "duration_api_ms": 16964, "usage": {"input_tokens": 10, "output_tokens": 1944, "cache_read_input_tokens": 78619, "cache_creation_input_tokens": 10421}}
{"timestamp": "2026-10-04T22:59:02.593685+00:00", "role": "developer", "task": "You are a Gate 1 evaluator. Your task: run Gate 1 evaluation for FR-08.\n\n[FR REQUIREMENTS — what FR-08 was supposed to deliver]\n### FR-08: 非同步執行器\n\nCitation: SPEC L145-150.\n\n**Acceptance criteria (FR-0", "session_id": "071b4ecc-d832-4c66-8141-a063c32f2ab9", "status": "complete", "substrate": "python", "phase": 4, "fr_id": "FR-08", "regression_flags": {}, "error_output": "```json\n{\"status\": \"DONE\", \"gate_score\": 99.7, \"pass\": true, \"failing_dims\": [], \"commit\": \"922b617\", \"summary\": \"FR-08 Gate1 PASS; coverage 98.9%\"}\n```\n\nRuff, pyright and lint-imports were clean, and all 25 tests passed. Coverage on `executor.py`, `runner.py` and `app.py` was 98.86% (173 of 175 statements), so test_coverage scored 98.86 against a threshold of 100. finalize-gate set `quality_complete` to true because the overall score is above 80.\n\nThe finalize-gate output also listed several ot", "exit_code": null, "duration_seconds": 59.537, "dispatch_attempt": 1, "total_cost_usd": 0.06592819999999999, "num_turns": 4, "duration_api_ms": 13002, "usage": {"input_tokens": 8, "output_tokens": 1587, "cache_read_input_tokens": 58691, "cache_creation_input_tokens": 9576}}
{"timestamp": "2026-10-04T23:00:45.907678+00:00", "role": "developer", "task": "You are a Gate 1 evaluator. Your task: run Gate 1 evaluation for FR-09.\n\n[FR REQUIREMENTS — what FR-09 was supposed to deliver]\n### FR-09: 健康檢查與可觀測性\n\nCitation: SPEC L152-160.\n\n| Endpoint | Auth | Beha", "session_id": "2b42b90a-7df2-4f79-90dc-be01a87d603b", "status": "complete", "substrate": "python", "phase": 4, "fr_id": "FR-09", "regression_flags": {}, "error_output": "{\"status\": \"DONE\", \"gate_score\": 100.0, \"pass\": true, \"failing_dims\": [], \"commit\": \"d0009ed\", \"summary\": \"FR-09 Gate1 PASS, 100.0\"}\n\nAll four dimensions scored 100:\n- **Linting:** ruff found no violations.\n- **Type safety:** pyright reported 0 errors.\n- **Test coverage:** all 7 tests in `test_fr09.py` passed, and the 4 FR-09 source files are at 100% coverage (83/83 statements). The 6 required test functions all exist.\n- **Architecture constraints:** lint-imports kept all 3 contracts.\n\nThe first", "exit_code": null, "duration_seconds": 71.687, "dispatch_attempt": 1, "total_cost_usd": 0.0753104, "num_turns": 5, "duration_api_ms": 14422, "usage": {"input_tokens": 10, "output_tokens": 1851, "cache_read_input_tokens": 78162, "cache_creation_input_tokens": 10287}}
{"timestamp": "2026-10-04T23:02:27.060732+00:00", "role": "developer", "task": "You are a Gate 1 evaluator. Your task: run Gate 1 evaluation for FR-10.\n\n[FR REQUIREMENTS — what FR-10 was supposed to deliver]\n### FR-10: 錯誤契約(RFC 7807)\n\nCitation: SPEC L162-168, §7 L331-347.\n\n**Acce", "session_id": "76193086-9cd3-4c5c-b12a-9cd15e11548f", "status": "complete", "substrate": "python", "phase": 4, "fr_id": "FR-10", "regression_flags": {}, "error_output": "```json\n{\"status\": \"DONE\", \"gate_score\": 100.0, \"pass\": true, \"failing_dims\": [], \"commit\": \"a936f18\", \"summary\": \"FR-10 Gate1 PASS 100.0\"}\n```", "exit_code": null, "duration_seconds": 69.735, "dispatch_attempt": 1, "total_cost_usd": 0.1398488, "num_turns": 5, "duration_api_ms": 11313, "usage": {"input_tokens": 10, "output_tokens": 1572, "cache_read_input_tokens": 134764, "cache_creation_input_tokens": 24289}}
{"timestamp": "2026-10-04T23:03:02.241945+00:00", "role": "delta-fastpath", "task": "", "session_id": "", "status": "complete", "substrate": "workflow", "phase_label": "P4 · Per-FR Delta", "reply_chars": 15}
{"timestamp": "2026-10-04T23:05:48.026515+00:00", "role": "tool:amend-sab", "task": "amend-sab for taskq-open (deterministic tool)", "session_id": "", "status": "COMPLETED", "substrate": "python", "step": "AMEND-SAB", "tool_kind": "amend-sab", "outcome": "completed", "rc": 0, "src_dir": "03-development/src", "dry_run": false, "strict": false}
{"timestamp": "2026-10-04T23:05:54.779668+00:00", "role": "orch-post", "task": "", "session_id": "", "status": "complete", "substrate": "workflow", "phase_label": "P4 · Per-FR Delta", "reply_chars": 948}
{"timestamp": "2026-10-04T23:06:33.285315+00:00", "role": "coverage", "task": "", "session_id": "", "status": "complete", "substrate": "workflow", "phase_label": "P4 · Coverage", "reply_chars": 15}
{"timestamp": "2026-10-04T23:15:14.727966+00:00", "role": "bug-hunt", "task": "", "session_id": "", "status": "complete", "substrate": "workflow", "phase_label": "P4 · Bug Hunt", "reply_chars": 15}
{"timestamp": "2026-10-04T23:15:22.795163+00:00", "role": "artifacts-commit", "task": "", "session_id": "", "status": "complete", "substrate": "workflow", "phase_label": "P4 · Artifacts Commit", "reply_chars": 1417}
{"timestamp": "2026-10-04T23:15:28.940704+00:00", "role": "gate3-precheck", "task": "", "session_id": "", "status": "complete", "substrate": "workflow", "phase_label": "P4 · Gate 3", "reply_chars": 15}
{"timestamp": "2026-10-04T23:41:04.651707+00:00", "role": "gate3-precheck", "task": "", "session_id": "", "status": "complete", "substrate": "workflow", "phase_label": "P4 · Gate 3", "reply_chars": 15}
{"timestamp": "2026-10-04T23:50:04.609688+00:00", "role": "gate3-r1", "task": "", "session_id": "", "status": "complete", "substrate": "workflow", "phase_label": "P4 · Gate 3", "reply_chars": 3724}
{"timestamp": "2026-10-04T23:50:27.866431+00:00", "role": "gate3-verify-r1", "task": "", "session_id": "", "status": "complete", "substrate": "workflow", "phase_label": "P4 · Gate 3", "reply_chars": 15}
{"timestamp": "2026-10-05T00:01:57.758959+00:00", "role": "gate3-r2", "task": "", "session_id": "", "status": "complete", "substrate": "workflow", "phase_label": "P4 · Gate 3", "reply_chars": 3327}
{"timestamp": "2026-10-05T00:02:21.281126+00:00", "role": "gate3-verify-r2", "task": "", "session_id": "", "status": "complete", "substrate": "workflow", "phase_label": "P4 · Gate 3", "reply_chars": 15}
{"timestamp": "2026-10-05T00:02:47.859443+00:00", "role": "preview-next-phase-r1", "task": "", "session_id": "", "status": "complete", "substrate": "workflow", "phase_label": "P4 · Preview Next-Phase", "reply_chars": 15}
{"timestamp": "2026-10-05T00:10:09.563190+00:00", "role": "advance-r1", "task": "", "session_id": "", "status": "complete", "substrate": "workflow", "phase_label": "P4 · Advance", "reply_chars": 2665}
{"timestamp": "2026-10-05T00:10:16.215421+00:00", "role": "advance-verify-r1", "task": "", "session_id": "", "status": "complete", "substrate": "workflow", "phase_label": "P4 · Advance", "reply_chars": 15}
{"timestamp": "2026-10-05T00:15:03.073364+00:00", "role": "preflight-probe", "task": "You are an unattended environment probe in a headless pipeline. There is NO human: never ask for permission or confirmation.\nRun these THREE commands via the Bash tool, in order, and paste each comman", "session_id": "1d7a5585-3e9b-4baf-8039-fa5da24a88f5", "status": "complete", "substrate": "python", "phase": 5, "fr_id": null, "regression_flags": {}, "error_output": "1. `python3 -m pytest --version`\n```\npytest 8.4.2\n```\n\n2. `git -C /Users/johnny/projects/taskq-open commit -m 'preflight-probe' --dry-run` (exit code 1)\n```\nOn branch main\nYour branch is ahead of 'origin/main' by 2 commits.\n  (use \"git push\" to publish your local commits)\n\nChanges not staged for commit:\n  (use \"git add <file>...\" to update what will be committed)\n  (use \"git restore <file>...\" to discard changes in working directory)\n\tmodified:   .methodology/gate_verify.jsonl\n\nno changes added ", "exit_code": null, "duration_seconds": 6.122, "dispatch_attempt": 1, "total_cost_usd": 0.057136, "num_turns": 4, "duration_api_ms": 4832, "usage": {"input_tokens": 4, "output_tokens": 598, "cache_read_input_tokens": 11620, "cache_creation_input_tokens": 12206}}
{"timestamp": "2026-10-05T00:15:03.074100+00:00", "role": "preflight-probe", "task": "substrate preflight probe", "session_id": "", "status": "PREFLIGHT_OK", "substrate": "python", "phase": 5, "fr_id": null, "regression_flags": {}, "error_output": "pytest_ok=True git_ok=True canary_ok=True permission_mode=bypassPermissions setting_sources='' | e committed)\n  (use \"git restore <file>...\" to discard changes in working directory)\n\tmodified:   .methodology/gate_verify.jsonl\n\nno changes added to commit (use \"git add\" and/or \"git commit -a\")\n```\n\n3. `python3 -c 'print(\"PREFLIGHT_SUBSTRATE_\" + \"CANARY_OK\")'`\n```\nPREFLIGHT_SUBSTRATE_CANARY_OK\n```", "exit_code": null}
{"timestamp": "2026-10-05T00:15:10.013994+00:00", "role": "advance-r2", "task": "", "session_id": "", "status": "complete", "substrate": "workflow", "phase_label": "P4 · Advance", "reply_chars": 330}
{"timestamp": "2026-10-05T00:15:15.294654+00:00", "role": "advance-verify-r2", "task": "", "session_id": "", "status": "complete", "substrate": "workflow", "phase_label": "P4 · Advance", "reply_chars": 15}
{"timestamp": "2026-10-05T00:15:22.570508+00:00", "role": "cleanup-r2", "task": "", "session_id": "", "status": "complete", "substrate": "workflow", "phase_label": "P4 · Advance", "reply_chars": 941}
{"timestamp": "2026-10-05T00:16:01.622604+00:00", "role": "preflight", "task": "", "session_id": "", "status": "complete", "substrate": "workflow", "phase_label": "P5 · Entry & Preflight", "reply_chars": 15}
{"timestamp": "2026-10-05T00:16:19.910076+00:00", "role": "env-check", "task": "", "session_id": "", "status": "complete", "substrate": "workflow", "phase_label": "P5 · Env Check", "reply_chars": 15}
{"timestamp": "2026-10-05T00:16:26.974423+00:00", "role": "load-ctx-a1", "task": "", "session_id": "", "status": "complete", "substrate": "workflow", "phase_label": "P5 · Load FRs", "reply_chars": 15}
{"timestamp": "2026-10-05T00:16:33.306884+00:00", "role": "ctx-regen-1", "task": "", "session_id": "", "status": "complete", "substrate": "workflow", "phase_label": "P5 · Load FRs", "reply_chars": 13}
{"timestamp": "2026-10-05T00:16:39.703854+00:00", "role": "load-ctx-a2", "task": "", "session_id": "", "status": "complete", "substrate": "workflow", "phase_label": "P5 · Load FRs", "reply_chars": 15}
{"timestamp": "2026-10-05T00:17:59.595771+00:00", "role": "developer", "task": "You are a Gate 1 evaluator. Your task: run Gate 1 evaluation for FR-01.\n\n[FR REQUIREMENTS — what FR-01 was supposed to deliver]\n### FR-01: 任務資源 CRUD API\n\nCitation: SPEC L79-91.\n\n| Method | Path | scop", "session_id": "d85c6ae4-1555-4feb-9c62-7b68f82d875f", "status": "complete", "substrate": "python", "phase": 5, "fr_id": "FR-01", "regression_flags": {}, "error_output": "{\"status\": \"DONE\", \"gate_score\": 100.0, \"pass\": true, \"failing_dims\": [], \"commit\": \"9c2d599\", \"summary\": \"FR-01 Gate 1 PASS, all dims 100\"}\n\nThe first finalize-gate run blocked because my type_safety `tool_evidence` was a paraphrase, not raw pyright output. I replaced it with the real first 500 characters of the pyright output, and the second run passed.\n\n- **Linting:** ruff reported no violations.\n- **Type safety:** pyright reported 0 errors across 47 files.\n- **Test coverage:** all 29 tests i", "exit_code": null, "duration_seconds": 76.615, "dispatch_attempt": 1, "total_cost_usd": 0.08018, "num_turns": 5, "duration_api_ms": 18353, "usage": {"input_tokens": 10, "output_tokens": 2060, "cache_read_input_tokens": 80460, "cache_creation_input_tokens": 10867}}
{"timestamp": "2026-10-05T00:19:56.760894+00:00", "role": "developer", "task": "You are a Gate 1 evaluator. Your task: run Gate 1 evaluation for FR-02.\n\n[FR REQUIREMENTS — what FR-02 was supposed to deliver]\n### FR-02: 任務執行端點\n\nCitation: SPEC L93-99.\n\n**Acceptance criteria (FR-02)", "session_id": "ab6b015d-6783-428a-a595-f2088d77f3f2", "status": "complete", "substrate": "python", "phase": 5, "fr_id": "FR-02", "regression_flags": {}, "error_output": "```json\n{\"status\": \"DONE\", \"gate_score\": 100.0, \"pass\": true, \"failing_dims\": [], \"commit\": \"966d24c\", \"summary\": \"FR-02 Gate1 PASS, 100.0\"}\n```\n\nAll four dimensions scored 100. Ruff, pyright and lint-imports came back clean, and the 25 tests passed with 100% coverage of FR-02's four source files. The first finalize-gate run blocked because my pyright `tool_evidence` was a paraphrase. I replaced it with the real pyright output and the second run passed. I didn't read the implementation against A", "exit_code": null, "duration_seconds": 83.837, "dispatch_attempt": 1, "total_cost_usd": 0.0724844, "num_turns": 5, "duration_api_ms": 19493, "usage": {"input_tokens": 10, "output_tokens": 1708, "cache_read_input_tokens": 77882, "cache_creation_input_tokens": 9952}}
{"timestamp": "2026-10-05T00:21:42.621277+00:00", "role": "developer", "task": "You are a Gate 1 evaluator. Your task: run Gate 1 evaluation for FR-03.\n\n[FR REQUIREMENTS — what FR-03 was supposed to deliver]\n### FR-03: API Key 認證\n\nCitation: SPEC L101-107.\n\n**Acceptance criteria (", "session_id": "5bb7c474-3147-41d3-9250-fd7a4199edda", "status": "complete", "substrate": "python", "phase": 5, "fr_id": "FR-03", "regression_flags": {}, "error_output": "```json\n{\"status\": \"DONE\", \"gate_score\": 99.01, \"pass\": true, \"failing_dims\": [], \"commit\": \"70af709\", \"summary\": \"FR-03 Gate1 PASS, 99.0; cov 96%\"}\n```\n\nGate 1 passed for FR-03 with a score of 99.01.\n\n- **Linting:** 100. Ruff reported no violations.\n- **Type safety:** 100. Pyright reported 0 errors and 0 warnings.\n- **Test coverage:** 96.05. All 22 tests passed (FR-03 and FR-04), and all 8 required FR-03 tests exist. Coverage of FR-03's source files is 96.05%, with 3 of 76 statements uncovered.", "exit_code": null, "duration_seconds": 75.073, "dispatch_attempt": 1, "total_cost_usd": 0.0759434, "num_turns": 5, "duration_api_ms": 16690, "usage": {"input_tokens": 10, "output_tokens": 1977, "cache_read_input_tokens": 77467, "cache_creation_input_tokens": 10165}}
{"timestamp": "2026-10-05T00:23:44.604085+00:00", "role": "developer", "task": "You are a Gate 1 evaluator. Your task: run Gate 1 evaluation for FR-04.\n\n[FR REQUIREMENTS — what FR-04 was supposed to deliver]\n### FR-04: Scope 授權\n\nCitation: SPEC L109-113.\n\n**Acceptance criteria (FR", "session_id": "1887659e-5bee-460b-8097-86eec685e8a3", "status": "complete", "substrate": "python", "phase": 5, "fr_id": "FR-04", "regression_flags": {}, "error_output": "{\"status\": \"DONE\", \"gate_score\": 100.0, \"pass\": true, \"failing_dims\": [], \"commit\": \"23a7a5a\", \"summary\": \"FR-04 Gate1 PASS, all dims 100\"}", "exit_code": null, "duration_seconds": 90.544, "dispatch_attempt": 1, "total_cost_usd": 0.08198559999999999, "num_turns": 6, "duration_api_ms": 14453, "usage": {"input_tokens": 12, "output_tokens": 1950, "cache_read_input_tokens": 96608, "cache_creation_input_tokens": 10785}}
{"timestamp": "2026-10-05T00:25:57.672384+00:00", "role": "developer", "task": "You are a Gate 1 evaluator. Your task: run Gate 1 evaluation for FR-05.\n\n[FR REQUIREMENTS — what FR-05 was supposed to deliver]\n### FR-05: 流量控制\n\nCitation: SPEC L115-120.\n\n**Acceptance criteria (FR-05)", "session_id": "047dd865-fdab-47b0-bc34-592c712cd546", "status": "complete", "substrate": "python", "phase": 5, "fr_id": "FR-05", "regression_flags": {}, "error_output": "{\"status\": \"DONE\", \"gate_score\": 99.5, \"pass\": true, \"failing_dims\": [], \"commit\": \"23076aa\", \"summary\": \"FR-05 Gate1 PASS, 99.5\"}\n\nRuff, pyright and lint-imports were clean, all 9 FR-05 tests passed, and all 7 required tests exist. finalize-gate passed, and its first two runs were blocked because my `tool_evidence` didn't match real tool output. I replaced it with the actual output, and it passed on the third run.\n\nThe score reflects a coverage figure that doesn't match the gate-run measurement", "exit_code": null, "duration_seconds": 100.969, "dispatch_attempt": 1, "total_cost_usd": 0.09105099999999999, "num_turns": 6, "duration_api_ms": 25145, "usage": {"input_tokens": 12, "output_tokens": 2563, "cache_read_input_tokens": 97565, "cache_creation_input_tokens": 11471}}
{"timestamp": "2026-10-05T00:27:44.941101+00:00", "role": "developer", "task": "You are a Gate 1 evaluator. Your task: run Gate 1 evaluation for FR-06.\n\n[FR REQUIREMENTS — what FR-06 was supposed to deliver]\n### FR-06: 持久化層與交易邊界\n\nCitation: SPEC L122-128.\n\n**Acceptance criteria (F", "session_id": "ddaaafab-f04f-46aa-aa8e-336be3d85ae3", "status": "complete", "substrate": "python", "phase": 5, "fr_id": "FR-06", "regression_flags": {}, "error_output": "{\"status\":\"DONE\",\"gate_score\":100.0,\"pass\":true,\"failing_dims\":[],\"commit\":\"0318d14\",\"summary\":\"FR-06 Gate1 PASS, score 100.0\"}\n\nThe first finalize-gate attempt was BLOCKED. I had written a one-line summary as the pyright `tool_evidence`, and it didn't look like genuine pyright output. I replaced it with the first 500 characters of the real pyright output and re-ran, and it passed.\n\nAll four dimensions scored 100:\n- **Linting:** ruff reported no violations.\n- **Type safety:** pyright reported 0 ", "exit_code": null, "duration_seconds": 75.706, "dispatch_attempt": 1, "total_cost_usd": 0.07294700000000001, "num_turns": 5, "duration_api_ms": 17981, "usage": {"input_tokens": 10, "output_tokens": 1857, "cache_read_input_tokens": 76725, "cache_creation_input_tokens": 9753}}
{"timestamp": "2026-10-05T00:29:37.120486+00:00", "role": "developer", "task": "You are a Gate 1 evaluator. Your task: run Gate 1 evaluation for FR-07.\n\n[FR REQUIREMENTS — what FR-07 was supposed to deliver]\n### FR-07: Schema Migration(Alembic 三步演進)\n\nCitation: SPEC L130-143.\n\n| r", "session_id": "4a48947d-87b8-4115-bc23-7e7c2c8dccfb", "status": "complete", "substrate": "python", "phase": 5, "fr_id": "FR-07", "regression_flags": {}, "error_output": "```json\n{\"status\": \"DONE\", \"gate_score\": 97.1, \"pass\": true, \"failing_dims\": [], \"commit\": \"875a88e\", \"summary\": \"FR-07 Gate1 PASS 97.1; coverage 88.3%\"}\n```\n\nfinalize-gate passed. FR-07's own files have 88.3% coverage, below the 100 target, so my `quality_complete` was false. finalize-gate still reported `quality_complete: True` and committed the result.\n\n- **Linting:** ruff passed, score 100.\n- **Type safety:** pyright reported 0 errors, score 100.\n- **Tests:** all 8 FR-07 tests passed, 0 skip", "exit_code": null, "duration_seconds": 79.743, "dispatch_attempt": 1, "total_cost_usd": 0.0948592, "num_turns": 7, "duration_api_ms": 21893, "usage": {"input_tokens": 14, "output_tokens": 2671, "cache_read_input_tokens": 115866, "cache_creation_input_tokens": 11237}}
{"timestamp": "2026-10-05T00:31:35.468313+00:00", "role": "developer", "task": "You are a Gate 1 evaluator. Your task: run Gate 1 evaluation for FR-08.\n\n[FR REQUIREMENTS — what FR-08 was supposed to deliver]\n### FR-08: 非同步執行器\n\nCitation: SPEC L145-150.\n\n**Acceptance criteria (FR-0", "session_id": "d74ec023-15db-4770-bc0f-3859ba09c0bb", "status": "complete", "substrate": "python", "phase": 5, "fr_id": "FR-08", "regression_flags": {}, "error_output": "{\"status\": \"DONE\", \"gate_score\": 99.7, \"pass\": true, \"failing_dims\": [], \"commit\": \"381515a\", \"summary\": \"FR-08 Gate1 PASS 99.7; coverage 98.9%\"}\n\nThe first finalize-gate run blocked because I had paraphrased the pyright `tool_evidence`. I replaced it with the actual pyright output and re-ran, and it passed.", "exit_code": null, "duration_seconds": 83.593, "dispatch_attempt": 1, "total_cost_usd": 0.0730226, "num_turns": 5, "duration_api_ms": 17754, "usage": {"input_tokens": 10, "output_tokens": 1686, "cache_read_input_tokens": 77493, "cache_creation_input_tokens": 10161}}
{"timestamp": "2026-10-05T00:33:22.712783+00:00", "role": "developer", "task": "You are a Gate 1 evaluator. Your task: run Gate 1 evaluation for FR-09.\n\n[FR REQUIREMENTS — what FR-09 was supposed to deliver]\n### FR-09: 健康檢查與可觀測性\n\nCitation: SPEC L152-160.\n\n| Endpoint | Auth | Beha", "session_id": "993ba356-afc4-48ff-9edc-a06d137f0319", "status": "complete", "substrate": "python", "phase": 5, "fr_id": "FR-09", "regression_flags": {}, "error_output": "{\"status\": \"DONE\", \"gate_score\": 100.0, \"pass\": true, \"failing_dims\": [], \"commit\": \"760f065\", \"summary\": \"FR-09 Gate1 PASS, 100.0\"}", "exit_code": null, "duration_seconds": 72.818, "dispatch_attempt": 1, "total_cost_usd": 0.07778419999999998, "num_turns": 6, "duration_api_ms": 14741, "usage": {"input_tokens": 12, "output_tokens": 1778, "cache_read_input_tokens": 96141, "cache_creation_input_tokens": 10188}}
{"timestamp": "2026-10-05T00:35:15.148195+00:00", "role": "developer", "task": "You are a Gate 1 evaluator. Your task: run Gate 1 evaluation for FR-10.\n\n[FR REQUIREMENTS — what FR-10 was supposed to deliver]\n### FR-10: 錯誤契約(RFC 7807)\n\nCitation: SPEC L162-168, §7 L331-347.\n\n**Acce", "session_id": "f78acf4c-ab6a-4f4a-8bcd-2f22ee66864f", "status": "complete", "substrate": "python", "phase": 5, "fr_id": "FR-10", "regression_flags": {}, "error_output": "```json\n{\"status\": \"DONE\", \"gate_score\": 100.0, \"pass\": true, \"failing_dims\": [], \"commit\": \"0984e0f\", \"summary\": \"FR-10 Gate1 PASS, score 100\"}\n```", "exit_code": null, "duration_seconds": 78.976, "dispatch_attempt": 1, "total_cost_usd": 0.1536016, "num_turns": 6, "duration_api_ms": 20119, "usage": {"input_tokens": 12, "output_tokens": 1924, "cache_read_input_tokens": 168428, "cache_creation_input_tokens": 25163}}
{"timestamp": "2026-10-05T00:35:50.040754+00:00", "role": "delta-fastpath", "task": "", "session_id": "", "status": "complete", "substrate": "workflow", "phase_label": "P5 · Per-FR Delta", "reply_chars": 15}
{"timestamp": "2026-10-05T00:38:36.514626+00:00", "role": "tool:amend-sab", "task": "amend-sab for taskq-open (deterministic tool)", "session_id": "", "status": "COMPLETED", "substrate": "python", "step": "AMEND-SAB", "tool_kind": "amend-sab", "outcome": "completed", "rc": 0, "src_dir": "03-development/src", "dry_run": false, "strict": false}
{"timestamp": "2026-10-05T00:38:43.144715+00:00", "role": "orch-post", "task": "", "session_id": "", "status": "complete", "substrate": "workflow", "phase_label": "P5 · Per-FR Delta", "reply_chars": 944}
{"timestamp": "2026-10-05T00:39:48.238616+00:00", "role": "verification-docs", "task": "", "session_id": "", "status": "complete", "substrate": "workflow", "phase_label": "P5 · Verification Docs", "reply_chars": 15}
{"timestamp": "2026-10-05T03:30:47.380813+00:00", "role": "resolve-repo", "task": "", "session_id": "", "status": "complete", "substrate": "workflow", "phase_label": "", "reply_chars": 38}
{"timestamp": "2026-10-05T03:30:53.629099+00:00", "role": "phase-cursor", "task": "", "session_id": "", "status": "complete", "substrate": "workflow", "phase_label": "Phase Cursor", "reply_chars": 15}
{"timestamp": "2026-10-05T03:31:53.816533+00:00", "role": "preflight", "task": "", "session_id": "", "status": "complete", "substrate": "workflow", "phase_label": "P5 · Entry & Preflight", "reply_chars": 15}
{"timestamp": "2026-10-05T03:32:21.517245+00:00", "role": "env-check", "task": "", "session_id": "", "status": "complete", "substrate": "workflow", "phase_label": "P5 · Env Check", "reply_chars": 15}
{"timestamp": "2026-10-05T03:32:27.991250+00:00", "role": "load-ctx-a1", "task": "", "session_id": "", "status": "complete", "substrate": "workflow", "phase_label": "P5 · Load FRs", "reply_chars": 15}
{"timestamp": "2026-10-05T03:34:13.479625+00:00", "role": "delta-fastpath", "task": "", "session_id": "", "status": "complete", "substrate": "workflow", "phase_label": "P5 · Per-FR Delta", "reply_chars": 15}
{"timestamp": "2026-10-05T03:36:16.186223+00:00", "role": "tool:amend-sab", "task": "amend-sab for taskq-open (deterministic tool)", "session_id": "", "status": "COMPLETED", "substrate": "python", "step": "AMEND-SAB", "tool_kind": "amend-sab", "outcome": "completed", "rc": 0, "src_dir": "03-development/src", "dry_run": false, "strict": false}
{"timestamp": "2026-10-05T03:37:09.402824+00:00", "role": "orch-post", "task": "", "session_id": "", "status": "complete", "substrate": "workflow", "phase_label": "P5 · Per-FR Delta", "reply_chars": 1544}
{"timestamp": "2026-10-05T03:38:04.697585+00:00", "role": "verification-docs", "task": "", "session_id": "", "status": "complete", "substrate": "workflow", "phase_label": "P5 · Verification Docs", "reply_chars": 15}
{"timestamp": "2026-10-05T03:38:13.801006+00:00", "role": "artifacts-commit", "task": "", "session_id": "", "status": "complete", "substrate": "workflow", "phase_label": "P5 · Artifacts Commit", "reply_chars": 1227}
{"timestamp": "2026-10-05T03:40:53.239553+00:00", "role": "milestone-baseline", "task": "", "session_id": "", "status": "complete", "substrate": "workflow", "phase_label": "P5 · Milestone", "reply_chars": 15}
{"timestamp": "2026-10-05T03:41:23.154888+00:00", "role": "preview-next-phase-r1", "task": "", "session_id": "", "status": "complete", "substrate": "workflow", "phase_label": "P5 · Preview Next-Phase", "reply_chars": 15}
{"timestamp": "2026-10-05T03:43:17.003144+00:00", "role": "advance-r1", "task": "", "session_id": "", "status": "complete", "substrate": "workflow", "phase_label": "P5 · Advance", "reply_chars": 769}
{"timestamp": "2026-10-05T03:43:26.611687+00:00", "role": "advance-verify-r1", "task": "", "session_id": "", "status": "complete", "substrate": "workflow", "phase_label": "P5 · Advance", "reply_chars": 15}
{"timestamp": "2026-10-05T03:44:58.836123+00:00", "role": "preflight", "task": "", "session_id": "", "status": "complete", "substrate": "workflow", "phase_label": "P6 · Entry & Preflight", "reply_chars": 15}
{"timestamp": "2026-10-05T03:45:08.428132+00:00", "role": "gate4-precheck", "task": "", "session_id": "", "status": "complete", "substrate": "workflow", "phase_label": "P6 · Gate 4", "reply_chars": 15}
{"timestamp": "2026-10-05T03:45:26.448353+00:00", "role": "gate4-r1", "task": "", "session_id": "", "status": "complete", "substrate": "workflow", "phase_label": "P6 · Gate 4", "reply_chars": 1030}
{"timestamp": "2026-10-05T03:45:52.777143+00:00", "role": "gate4-verify-r1", "task": "", "session_id": "", "status": "complete", "substrate": "workflow", "phase_label": "P6 · Gate 4", "reply_chars": 15}
{"timestamp": "2026-10-05T03:46:12.335546+00:00", "role": "gate4-r2", "task": "", "session_id": "", "status": "complete", "substrate": "workflow", "phase_label": "P6 · Gate 4", "reply_chars": 967}
{"timestamp": "2026-10-05T03:46:40.407763+00:00", "role": "gate4-verify-r2", "task": "", "session_id": "", "status": "complete", "substrate": "workflow", "phase_label": "P6 · Gate 4", "reply_chars": 15}
{"timestamp": "2026-10-05T03:47:01.178884+00:00", "role": "gate4-r3", "task": "", "session_id": "", "status": "complete", "substrate": "workflow", "phase_label": "P6 · Gate 4", "reply_chars": 876}
{"timestamp": "2026-10-05T03:47:44.694920+00:00", "role": "deferred-fixes-g4", "task": "", "session_id": "", "status": "complete", "substrate": "workflow", "phase_label": "P6 · Gate 4", "reply_chars": 631}
{"timestamp": "2026-10-05T07:18:02.986008+00:00", "role": "resolve-repo", "task": "", "session_id": "", "status": "complete", "substrate": "workflow", "phase_label": "", "reply_chars": 38}
{"timestamp": "2026-10-05T07:18:09.421785+00:00", "role": "phase-cursor", "task": "", "session_id": "", "status": "complete", "substrate": "workflow", "phase_label": "Phase Cursor", "reply_chars": 15}
{"timestamp": "2026-10-05T07:19:21.029641+00:00", "role": "preflight", "task": "", "session_id": "", "status": "complete", "substrate": "workflow", "phase_label": "P6 · Entry & Preflight", "reply_chars": 15}
{"timestamp": "2026-10-05T07:19:27.842282+00:00", "role": "gate4-precheck", "task": "", "session_id": "", "status": "complete", "substrate": "workflow", "phase_label": "P6 · Gate 4", "reply_chars": 15}
{"timestamp": "2026-10-05T07:19:45.469994+00:00", "role": "gate4-r1", "task": "", "session_id": "", "status": "complete", "substrate": "workflow", "phase_label": "P6 · Gate 4", "reply_chars": 1543}
{"timestamp": "2026-10-05T07:20:08.913175+00:00", "role": "gate4-verify-r1", "task": "", "session_id": "", "status": "complete", "substrate": "workflow", "phase_label": "P6 · Gate 4", "reply_chars": 15}
{"timestamp": "2026-10-05T07:31:38.194349+00:00", "role": "gate4-r2", "task": "", "session_id": "", "status": "complete", "substrate": "workflow", "phase_label": "P6 · Gate 4", "reply_chars": 3869}
{"timestamp": "2026-10-05T07:32:02.987426+00:00", "role": "gate4-verify-r2", "task": "", "session_id": "", "status": "complete", "substrate": "workflow", "phase_label": "P6 · Gate 4", "reply_chars": 15}
{"timestamp": "2026-10-05T07:32:21.079234+00:00", "role": "gate4-r3", "task": "", "session_id": "", "status": "complete", "substrate": "workflow", "phase_label": "P6 · Gate 4", "reply_chars": 1373}
{"timestamp": "2026-10-05T07:32:44.440158+00:00", "role": "gate4-verify-r3", "task": "", "session_id": "", "status": "complete", "substrate": "workflow", "phase_label": "P6 · Gate 4", "reply_chars": 15}
{"timestamp": "2026-10-05T07:33:17.928706+00:00", "role": "deferred-fixes-g4", "task": "", "session_id": "", "status": "complete", "substrate": "workflow", "phase_label": "P6 · Gate 4", "reply_chars": 1221}
{"timestamp": "2026-10-05T15:05:39.107559+00:00", "role": "resolve-repo", "task": "", "session_id": "", "status": "complete", "substrate": "workflow", "phase_label": "", "reply_chars": 38}
{"timestamp": "2026-10-05T15:05:45.014832+00:00", "role": "phase-cursor", "task": "", "session_id": "", "status": "complete", "substrate": "workflow", "phase_label": "Phase Cursor", "reply_chars": 15}
{"timestamp": "2026-10-05T15:07:14.228883+00:00", "role": "preflight", "task": "", "session_id": "", "status": "complete", "substrate": "workflow", "phase_label": "P6 · Entry & Preflight", "reply_chars": 15}
{"timestamp": "2026-10-05T15:07:19.843527+00:00", "role": "gate4-precheck", "task": "", "session_id": "", "status": "complete", "substrate": "workflow", "phase_label": "P6 · Gate 4", "reply_chars": 15}
{"timestamp": "2026-10-05T15:07:49.183126+00:00", "role": "gate4-da-architecture-r1", "task": "", "session_id": "", "status": "complete", "substrate": "workflow", "phase_label": "P6 · Gate 4", "reply_chars": 15}
{"timestamp": "2026-10-05T15:07:49.183530+00:00", "role": "gate4-da-performance-r1", "task": "", "session_id": "", "status": "complete", "substrate": "workflow", "phase_label": "P6 · Gate 4", "reply_chars": 15}
{"timestamp": "2026-10-05T15:07:49.183818+00:00", "role": "gate4-da-readability-r1", "task": "", "session_id": "", "status": "complete", "substrate": "workflow", "phase_label": "P6 · Gate 4", "reply_chars": 15}
{"timestamp": "2026-10-05T15:07:49.183907+00:00", "role": "gate4-da-error_handling-r1", "task": "", "session_id": "", "status": "complete", "substrate": "workflow", "phase_label": "P6 · Gate 4", "reply_chars": 15}
{"timestamp": "2026-10-05T15:07:49.183989+00:00", "role": "gate4-da-documentation-r1", "task": "", "session_id": "", "status": "complete", "substrate": "workflow", "phase_label": "P6 · Gate 4", "reply_chars": 15}
{"timestamp": "2026-10-05T15:13:46.002509+00:00", "role": "gate4-r1", "task": "", "session_id": "", "status": "complete", "substrate": "workflow", "phase_label": "P6 · Gate 4", "reply_chars": 2030}
{"timestamp": "2026-10-05T15:14:11.098668+00:00", "role": "gate4-verify-r1", "task": "", "session_id": "", "status": "complete", "substrate": "workflow", "phase_label": "P6 · Gate 4", "reply_chars": 15}
{"timestamp": "2026-10-05T15:14:44.597648+00:00", "role": "release-docs", "task": "", "session_id": "", "status": "complete", "substrate": "workflow", "phase_label": "P6 · Release Docs", "reply_chars": 15}
{"timestamp": "2026-10-05T15:15:07.685502+00:00", "role": "peer-review-r1", "task": "", "session_id": "", "status": "complete", "substrate": "workflow", "phase_label": "P6 · Peer Review", "reply_chars": 3249}
{"timestamp": "2026-10-05T15:15:17.119063+00:00", "role": "write-approval-QUALITY_REPORT.md-try1", "task": "", "session_id": "", "status": "complete", "substrate": "workflow", "phase_label": "P6 · Peer Review", "reply_chars": 15}
{"timestamp": "2026-10-05T15:15:27.631476+00:00", "role": "write-approval-RELEASE_NOTES.md-try1", "task": "", "session_id": "", "status": "complete", "substrate": "workflow", "phase_label": "P6 · Peer Review", "reply_chars": 15}
{"timestamp": "2026-10-05T15:15:36.921659+00:00", "role": "write-approval-FINAL_SIGN_OFF.md-try1", "task": "", "session_id": "", "status": "complete", "substrate": "workflow", "phase_label": "P6 · Peer Review", "reply_chars": 15}
{"timestamp": "2026-10-05T15:15:48.142075+00:00", "role": "write-approval-quality_manifest-try1", "task": "", "session_id": "", "status": "complete", "substrate": "workflow", "phase_label": "P6 · Peer Review", "reply_chars": 15}
{"timestamp": "2026-10-05T15:15:59.088020+00:00", "role": "write-approval-quality_manifest-try2", "task": "", "session_id": "", "status": "complete", "substrate": "workflow", "phase_label": "P6 · Peer Review", "reply_chars": 15}
{"timestamp": "2026-10-05T15:16:25.837651+00:00", "role": "preview-next-phase-r1", "task": "", "session_id": "", "status": "complete", "substrate": "workflow", "phase_label": "P6 · Preview Next-Phase", "reply_chars": 15}
{"timestamp": "2026-10-05T15:16:32.603666+00:00", "role": "stale-approvals-1", "task": "", "session_id": "", "status": "complete", "substrate": "workflow", "phase_label": "P6 · Tag & Advance", "reply_chars": 15}
{"timestamp": "2026-10-05T15:19:23.820958+00:00", "role": "tag-advance-r1", "task": "", "session_id": "", "status": "complete", "substrate": "workflow", "phase_label": "P6 · Tag & Advance", "reply_chars": 2538}
{"timestamp": "2026-10-05T15:19:29.468738+00:00", "role": "advance-verify-r1", "task": "", "session_id": "", "status": "complete", "substrate": "workflow", "phase_label": "P6 · Tag & Advance", "reply_chars": 15}
{"timestamp": "2026-10-05T15:19:35.711103+00:00", "role": "stale-approvals-2", "task": "", "session_id": "", "status": "complete", "substrate": "workflow", "phase_label": "P6 · Tag & Advance", "reply_chars": 15}
{"timestamp": "2026-10-05T15:21:16.771324+00:00", "role": "tag-advance-r2", "task": "", "session_id": "", "status": "complete", "substrate": "workflow", "phase_label": "P6 · Tag & Advance", "reply_chars": 2612}
{"timestamp": "2026-10-05T15:21:22.288445+00:00", "role": "advance-verify-r2", "task": "", "session_id": "", "status": "complete", "substrate": "workflow", "phase_label": "P6 · Tag & Advance", "reply_chars": 15}
{"timestamp": "2026-10-05T15:21:28.023941+00:00", "role": "stale-approvals-3", "task": "", "session_id": "", "status": "complete", "substrate": "workflow", "phase_label": "P6 · Tag & Advance", "reply_chars": 15}
{"timestamp": "2026-10-05T15:23:31.251755+00:00", "role": "preflight-probe", "task": "You are an unattended environment probe in a headless pipeline. There is NO human: never ask for permission or confirmation.\nRun these THREE commands via the Bash tool, in order, and paste each comman", "session_id": "e5591da3-d695-401e-805f-22af0805f5c8", "status": "complete", "substrate": "python", "phase": 7, "fr_id": null, "regression_flags": {}, "error_output": "1. `python3 -m pytest --version`\n```\npytest 8.4.2\n```\n\n2. `git -C /Users/johnny/projects/taskq-open commit -m 'preflight-probe' --dry-run` (exit code 1)\n```\nOn branch main\nYour branch is ahead of 'origin/main' by 3 commits.\n  (use \"git push\" to publish your local commits)\n\nChanges not staged for commit:\n  (use \"git add <file>...\" to update what will be committed)\n  (use \"git restore <file>...\" to discard changes in working directory)\n\tmodified:   .methodology/gate_verify.jsonl\n\nUntracked files:\n", "exit_code": null, "duration_seconds": 6.123, "dispatch_attempt": 1, "total_cost_usd": 0.029934600000000002, "num_turns": 4, "duration_api_ms": 4538, "usage": {"input_tokens": 4, "output_tokens": 664, "cache_read_input_tokens": 19693, "cache_creation_input_tokens": 4837}}
{"timestamp": "2026-10-05T15:23:31.252677+00:00", "role": "preflight-probe", "task": "substrate preflight probe", "session_id": "", "status": "PREFLIGHT_OK", "substrate": "python", "phase": 7, "fr_id": null, "regression_flags": {}, "error_output": "pytest_ok=True git_ok=True canary_ok=True permission_mode=bypassPermissions setting_sources='' | ALITY_REPORT.md.json\n\t.methodology/agent_b_approvals/RELEASE_NOTES.md.json\n\t.methodology/agent_b_approvals/quality_manifest.json\n\nno changes added to commit (use \"git add\" and/or \"git commit -a\")\n```\n\n3. `python3 -c 'print(\"PREFLIGHT_SUBSTRATE_\" + \"CANARY_OK\")'`\n```\nPREFLIGHT_SUBSTRATE_CANARY_OK\n```", "exit_code": null}
{"timestamp": "2026-10-05T15:23:44.715951+00:00", "role": "tag-advance-r3", "task": "", "session_id": "", "status": "complete", "substrate": "workflow", "phase_label": "P6 · Tag & Advance", "reply_chars": 1559}
{"timestamp": "2026-10-05T15:23:51.087216+00:00", "role": "advance-verify-r3", "task": "", "session_id": "", "status": "complete", "substrate": "workflow", "phase_label": "P6 · Tag & Advance", "reply_chars": 15}
{"timestamp": "2026-10-05T15:24:47.716810+00:00", "role": "preflight", "task": "", "session_id": "", "status": "complete", "substrate": "workflow", "phase_label": "P7 · Entry & Preflight", "reply_chars": 15}
{"timestamp": "2026-10-05T15:25:18.170171+00:00", "role": "env-check", "task": "", "session_id": "", "status": "complete", "substrate": "workflow", "phase_label": "P7 · Env Check", "reply_chars": 15}
{"timestamp": "2026-10-05T15:25:25.813821+00:00", "role": "load-ctx-a1", "task": "", "session_id": "", "status": "complete", "substrate": "workflow", "phase_label": "P7 · Load FRs", "reply_chars": 15}
{"timestamp": "2026-10-05T15:25:32.042307+00:00", "role": "ctx-regen-1", "task": "", "session_id": "", "status": "complete", "substrate": "workflow", "phase_label": "P7 · Load FRs", "reply_chars": 13}
{"timestamp": "2026-10-05T15:25:38.378998+00:00", "role": "load-ctx-a2", "task": "", "session_id": "", "status": "complete", "substrate": "workflow", "phase_label": "P7 · Load FRs", "reply_chars": 15}
{"timestamp": "2026-10-05T18:00:36.635916+00:00", "role": "load-ctx-a2", "task": "", "session_id": "", "status": "complete", "substrate": "workflow", "phase_label": "P7 · Load FRs", "reply_chars": 15}
{"timestamp": "2026-10-05T18:01:57.795308+00:00", "role": "developer", "task": "You are a Gate 1 evaluator. Your task: run Gate 1 evaluation for FR-01.\n\n[FR REQUIREMENTS — what FR-01 was supposed to deliver]\n### FR-01: 任務資源 CRUD API\n\nCitation: SPEC L79-91.\n\n| Method | Path | scop", "session_id": "990451fd-1382-4736-88d9-f33a07bf7fb4", "status": "complete", "substrate": "python", "phase": 7, "fr_id": "FR-01", "regression_flags": {}, "error_output": "```json\n{\"status\": \"DONE\", \"gate_score\": 100.0, \"pass\": true, \"failing_dims\": [], \"commit\": \"ad27b38\", \"summary\": \"Gate 1 PASS FR-01, score 100\"}\n```\n\nAll four dimensions scored 100:\n- **Linting:** ruff reported no violations.\n- **Type safety:** pyright reported 0 errors.\n- **Test coverage:** 29 FR-01 tests passed, none failed or skipped. The FR-01 source files are at 157/157 statements, and the spec has 16/16 required tests.\n- **Architecture:** lint-imports kept all 3 contracts, with 0 broken.\n", "exit_code": null, "duration_seconds": 77.552, "dispatch_attempt": 1, "total_cost_usd": 0.12695140000000002, "num_turns": 6, "duration_api_ms": 17828, "usage": {"input_tokens": 12, "output_tokens": 2216, "cache_read_input_tokens": 92357, "cache_creation_input_tokens": 21574}}
{"timestamp": "2026-10-05T18:04:05.962024+00:00", "role": "developer", "task": "You are a Gate 1 evaluator. Your task: run Gate 1 evaluation for FR-02.\n\n[FR REQUIREMENTS — what FR-02 was supposed to deliver]\n### FR-02: 任務執行端點\n\nCitation: SPEC L93-99.\n\n**Acceptance criteria (FR-02)", "session_id": "11c428c7-d68b-4cdc-857a-ff62af48aa35", "status": "complete", "substrate": "python", "phase": 7, "fr_id": "FR-02", "regression_flags": {}, "error_output": "```json\n{\"status\": \"DONE\", \"gate_score\": 100.0, \"pass\": true, \"failing_dims\": [], \"commit\": \"f330c9c\", \"summary\": \"FR-02 Gate1 PASS, all 4 dims 100\"}\n```\n\nThe first finalize-gate run blocked because my type_safety evidence was a paraphrase, not raw pyright output. I replaced the evidence with the real tool output and re-ran, and it passed.\n\n- **Linting:** ruff reported no violations.\n- **Type safety:** pyright reported 0 errors across 47 files.\n- **Test coverage:** 25 tests passed, 0 failed, 0 s", "exit_code": null, "duration_seconds": 81.99, "dispatch_attempt": 1, "total_cost_usd": 0.07644300000000001, "num_turns": 5, "duration_api_ms": 14652, "usage": {"input_tokens": 10, "output_tokens": 1877, "cache_read_input_tokens": 79065, "cache_creation_input_tokens": 10460}}
{"timestamp": "2026-10-05T18:06:16.708566+00:00", "role": "developer", "task": "You are a Gate 1 evaluator. Your task: run Gate 1 evaluation for FR-03.\n\n[FR REQUIREMENTS — what FR-03 was supposed to deliver]\n### FR-03: API Key 認證\n\nCitation: SPEC L101-107.\n\n**Acceptance criteria (", "session_id": "b20fcb7f-23d0-4956-a513-5b1b4f73d70e", "status": "complete", "substrate": "python", "phase": 7, "fr_id": "FR-03", "regression_flags": {}, "error_output": "```json\n{\"status\": \"DONE\", \"gate_score\": 99.0, \"pass\": true, \"failing_dims\": [], \"commit\": \"6eb3e9e\", \"summary\": \"FR-03 Gate1 PASS 99.0; cov 96%\"}\n```\n\n- **Dimension scores:** Ruff, pyright and import-linter were clean. Test coverage scored 96.05, which is below the 100 threshold, so `quality_complete` was written as false. finalize-gate still passed the gate and recorded `qc=True`.\n- **Coverage:** The 3 uncovered lines are among the 76 statements in the FR-03 files. All 22 tests passed, and all", "exit_code": null, "duration_seconds": 82.243, "dispatch_attempt": 1, "total_cost_usd": 0.07841200000000001, "num_turns": 5, "duration_api_ms": 21404, "usage": {"input_tokens": 10, "output_tokens": 2002, "cache_read_input_tokens": 78520, "cache_creation_input_tokens": 10667}}
{"timestamp": "2026-10-05T18:08:11.852808+00:00", "role": "developer", "task": "You are a Gate 1 evaluator. Your task: run Gate 1 evaluation for FR-04.\n\n[FR REQUIREMENTS — what FR-04 was supposed to deliver]\n### FR-04: Scope 授權\n\nCitation: SPEC L109-113.\n\n**Acceptance criteria (FR", "session_id": "b079e006-933e-4275-b6bc-cf9707a1a696", "status": "complete", "substrate": "python", "phase": 7, "fr_id": "FR-04", "regression_flags": {}, "error_output": "{\"status\": \"DONE\", \"gate_score\": 100.0, \"pass\": true, \"failing_dims\": [], \"commit\": \"c7cd4d9\", \"summary\": \"FR-04 Gate1 PASS 100.0\"}\n\nThe first finalize-gate run was BLOCKED because I had paraphrased the pyright `tool_evidence`. I replaced it with the real pyright output and re-ran, and the gate passed.\n\nAll four dimensions scored 100: ruff, pyright (0 errors), 22 tests passed with 100% coverage of `deps.py` and `auth.py`, and import-linter (3 contracts kept). All 7 required FR-04 tests exist and", "exit_code": null, "duration_seconds": 77.04, "dispatch_attempt": 1, "total_cost_usd": 0.07166460000000001, "num_turns": 5, "duration_api_ms": 13630, "usage": {"input_tokens": 10, "output_tokens": 1704, "cache_read_input_tokens": 77423, "cache_creation_input_tokens": 9780}}
{"timestamp": "2026-10-05T18:10:05.112049+00:00", "role": "developer", "task": "You are a Gate 1 evaluator. Your task: run Gate 1 evaluation for FR-05.\n\n[FR REQUIREMENTS — what FR-05 was supposed to deliver]\n### FR-05: 流量控制\n\nCitation: SPEC L115-120.\n\n**Acceptance criteria (FR-05)", "session_id": "2303aa3f-1362-471f-9f3a-3b505bec1f7e", "status": "complete", "substrate": "python", "phase": 7, "fr_id": "FR-05", "regression_flags": {}, "error_output": "{\"status\": \"DONE\", \"gate_score\": 99.52, \"pass\": true, \"failing_dims\": [], \"commit\": \"0109f02\", \"summary\": \"FR-05 Gate1 PASS; coverage 98.08%\"}", "exit_code": null, "duration_seconds": 74.333, "dispatch_attempt": 1, "total_cost_usd": 0.0778166, "num_turns": 6, "duration_api_ms": 14515, "usage": {"input_tokens": 12, "output_tokens": 1647, "cache_read_input_tokens": 97093, "cache_creation_input_tokens": 10476}}
{"timestamp": "2026-10-05T18:11:57.404755+00:00", "role": "developer", "task": "You are a Gate 1 evaluator. Your task: run Gate 1 evaluation for FR-06.\n\n[FR REQUIREMENTS — what FR-06 was supposed to deliver]\n### FR-06: 持久化層與交易邊界\n\nCitation: SPEC L122-128.\n\n**Acceptance criteria (F", "session_id": "47d718c4-ca66-4d14-a77c-b31734773e1c", "status": "complete", "substrate": "python", "phase": 7, "fr_id": "FR-06", "regression_flags": {}, "error_output": "```json\n{\"status\": \"DONE\", \"gate_score\": 100.0, \"pass\": true, \"failing_dims\": [], \"commit\": \"ff7b182\", \"summary\": \"FR-06 Gate1 PASS, all 4 dims 100\"}\n```\n\nThe first `finalize-gate` run was BLOCKED. I had put a one-line summary in the pyright `tool_evidence`, and the gate checks that field against real pyright output. I replaced it with the first 500 characters of the raw pyright output, and the second run passed.\n\nAll four dimensions scored 100: ruff clean, pyright 0 errors, `lint-imports` 3 con", "exit_code": null, "duration_seconds": 77.084, "dispatch_attempt": 1, "total_cost_usd": 0.0735968, "num_turns": 5, "duration_api_ms": 18700, "usage": {"input_tokens": 10, "output_tokens": 1777, "cache_read_input_tokens": 77914, "cache_creation_input_tokens": 10056}}
{"timestamp": "2026-10-05T18:14:08.451942+00:00", "role": "developer", "task": "You are a Gate 1 evaluator. Your task: run Gate 1 evaluation for FR-07.\n\n[FR REQUIREMENTS — what FR-07 was supposed to deliver]\n### FR-07: Schema Migration(Alembic 三步演進)\n\nCitation: SPEC L130-143.\n\n| r", "session_id": "36bf404a-e088-4200-9e0f-c0ce8a0fbfd8", "status": "complete", "substrate": "python", "phase": 7, "fr_id": "FR-07", "regression_flags": {}, "error_output": "{\"status\": \"DONE\", \"gate_score\": 97.08, \"pass\": true, \"failing_dims\": [\"test_coverage\"], \"commit\": \"30a8c9e\", \"summary\": \"FR-07 passed; coverage 88.3% below 100 threshold\"}\n\nfinalize-gate reported GATE 1 PASSED and committed 30a8c9e. My own `gate1_result.json` has `quality_complete: false`, because `test_coverage` is 88.3, below its threshold of 100.\n\n- **Linting:** 100 (ruff passed).\n- **Type safety:** 100 (pyright reported 0 errors).\n- **Architecture:** 100 (3 import-linter contracts kept, 0 b", "exit_code": null, "duration_seconds": 88.153, "dispatch_attempt": 1, "total_cost_usd": 0.09614819999999999, "num_turns": 7, "duration_api_ms": 27012, "usage": {"input_tokens": 14, "output_tokens": 2541, "cache_read_input_tokens": 120671, "cache_creation_input_tokens": 11644}}
{"timestamp": "2026-10-05T18:16:07.185366+00:00", "role": "developer", "task": "You are a Gate 1 evaluator. Your task: run Gate 1 evaluation for FR-08.\n\n[FR REQUIREMENTS — what FR-08 was supposed to deliver]\n### FR-08: 非同步執行器\n\nCitation: SPEC L145-150.\n\n**Acceptance criteria (FR-0", "session_id": "1cda2a52-ddf9-4711-8aed-b0c65550a75a", "status": "complete", "substrate": "python", "phase": 7, "fr_id": "FR-08", "regression_flags": {}, "error_output": "```json\n{\"status\": \"DONE\", \"gate_score\": 99.7, \"pass\": true, \"failing_dims\": [], \"commit\": \"8097e98\", \"summary\": \"FR-08 Gate1 PASS, 99.7\"}\n```\n\nGate 1 passed for FR-08 on the second `finalize-gate` run.\n\n- **Linting:** 100. Ruff reported no violations.\n- **Type safety:** 100. Pyright reported 0 errors across 47 files.\n- **Test coverage:** 98.86. All 25 tests passed (FR-08 and FR-02 files), and all 7 required FR-08 tests exist. Coverage of `executor.py`, `runner.py` and `app.py` is 173 of 175 sta", "exit_code": null, "duration_seconds": 84.219, "dispatch_attempt": 1, "total_cost_usd": 0.07813159999999998, "num_turns": 5, "duration_api_ms": 19426, "usage": {"input_tokens": 10, "output_tokens": 1956, "cache_read_input_tokens": 79018, "cache_creation_input_tokens": 10687}}
{"timestamp": "2026-10-05T18:17:52.842928+00:00", "role": "developer", "task": "You are a Gate 1 evaluator. Your task: run Gate 1 evaluation for FR-09.\n\n[FR REQUIREMENTS — what FR-09 was supposed to deliver]\n### FR-09: 健康檢查與可觀測性\n\nCitation: SPEC L152-160.\n\n| Endpoint | Auth | Beha", "session_id": "de03edce-2105-4fc1-8349-31be0fac215b", "status": "complete", "substrate": "python", "phase": 7, "fr_id": "FR-09", "regression_flags": {}, "error_output": "{\"status\": \"DONE\", \"gate_score\": 100.0, \"pass\": true, \"failing_dims\": [], \"commit\": \"ae7748c\", \"summary\": \"FR-09 Gate1 PASS 100.0; first finalize blocked\"}\n\nThe first `finalize-gate` call was blocked because I had written a paraphrased `type_safety` tool_evidence (`pyright errorCount: 0, warningCount: 0`) instead of the real output. I replaced it with the first 500 chars of the actual pyright JSON and re-ran, and the gate then passed. The tools ran only once.\n\nAll four dimensions scored 100:\n- *", "exit_code": null, "duration_seconds": 73.066, "dispatch_attempt": 1, "total_cost_usd": 0.0770858, "num_turns": 5, "duration_api_ms": 14352, "usage": {"input_tokens": 10, "output_tokens": 1952, "cache_read_input_tokens": 78989, "cache_creation_input_tokens": 10437}}
{"timestamp": "2026-10-05T18:19:48.063271+00:00", "role": "developer", "task": "You are a Gate 1 evaluator. Your task: run Gate 1 evaluation for FR-10.\n\n[FR REQUIREMENTS — what FR-10 was supposed to deliver]\n### FR-10: 錯誤契約(RFC 7807)\n\nCitation: SPEC L162-168, §7 L331-347.\n\n**Acce", "session_id": "a9eebed9-be2a-4e50-8762-04318fa6ae64", "status": "complete", "substrate": "python", "phase": 7, "fr_id": "FR-10", "regression_flags": {}, "error_output": "```json\n{\"status\": \"DONE\", \"gate_score\": 100.0, \"pass\": true, \"failing_dims\": [], \"commit\": \"e470656\", \"summary\": \"FR-10 Gate1 PASS, score 100\"}\n```", "exit_code": null, "duration_seconds": 83.456, "dispatch_attempt": 1, "total_cost_usd": 0.16051100000000001, "num_turns": 7, "duration_api_ms": 22800, "usage": {"input_tokens": 14, "output_tokens": 1939, "cache_read_input_tokens": 202565, "cache_creation_input_tokens": 25145}}
{"timestamp": "2026-10-05T18:20:24.662112+00:00", "role": "delta-fastpath", "task": "", "session_id": "", "status": "complete", "substrate": "workflow", "phase_label": "P7 · Per-FR Delta", "reply_chars": 15}
{"timestamp": "2026-10-05T18:23:09.352800+00:00", "role": "tool:amend-sab", "task": "amend-sab for taskq-open (deterministic tool)", "session_id": "", "status": "COMPLETED", "substrate": "python", "step": "AMEND-SAB", "tool_kind": "amend-sab", "outcome": "completed", "rc": 0, "src_dir": "03-development/src", "dry_run": false, "strict": false}
{"timestamp": "2026-10-05T18:23:17.856738+00:00", "role": "orch-post", "task": "", "session_id": "", "status": "complete", "substrate": "workflow", "phase_label": "P7 · Per-FR Delta", "reply_chars": 897}
{"timestamp": "2026-10-05T18:24:20.520851+00:00", "role": "artifacts-commit", "task": "", "session_id": "", "status": "complete", "substrate": "workflow", "phase_label": "P7 · Artifacts Commit", "reply_chars": 1167}
{"timestamp": "2026-10-05T18:27:53.355149+00:00", "role": "milestone-p7", "task": "", "session_id": "", "status": "complete", "substrate": "workflow", "phase_label": "P7 · Milestone", "reply_chars": 15}
{"timestamp": "2026-10-05T18:28:19.841419+00:00", "role": "preview-next-phase-r1", "task": "", "session_id": "", "status": "complete", "substrate": "workflow", "phase_label": "P7 · Preview Next-Phase", "reply_chars": 15}
{"timestamp": "2026-10-05T18:31:50.916550+00:00", "role": "advance-r1", "task": "", "session_id": "", "status": "complete", "substrate": "workflow", "phase_label": "P7 · Advance", "reply_chars": 2350}
{"timestamp": "2026-10-05T18:31:57.198665+00:00", "role": "advance-verify-r1", "task": "", "session_id": "", "status": "complete", "substrate": "workflow", "phase_label": "P7 · Advance", "reply_chars": 15}
{"timestamp": "2026-10-05T18:36:44.229059+00:00", "role": "advance-r2", "task": "", "session_id": "", "status": "complete", "substrate": "workflow", "phase_label": "P7 · Advance", "reply_chars": 2702}
{"timestamp": "2026-10-05T18:36:50.095208+00:00", "role": "advance-verify-r2", "task": "", "session_id": "", "status": "complete", "substrate": "workflow", "phase_label": "P7 · Advance", "reply_chars": 15}
{"timestamp": "2026-10-05T18:38:15.112346+00:00", "role": "advance-r3", "task": "", "session_id": "", "status": "complete", "substrate": "workflow", "phase_label": "P7 · Advance", "reply_chars": 2707}
{"timestamp": "2026-10-05T18:38:20.414980+00:00", "role": "advance-verify-r3", "task": "", "session_id": "", "status": "complete", "substrate": "workflow", "phase_label": "P7 · Advance", "reply_chars": 15}
{"timestamp": "2026-10-05T18:43:28.027736+00:00", "role": "advance-r4", "task": "", "session_id": "", "status": "complete", "substrate": "workflow", "phase_label": "P7 · Advance", "reply_chars": 2926}
{"timestamp": "2026-10-05T18:43:36.623121+00:00", "role": "advance-verify-r4", "task": "", "session_id": "", "status": "complete", "substrate": "workflow", "phase_label": "P7 · Advance", "reply_chars": 15}
{"timestamp": "2026-10-05T18:45:05.622085+00:00", "role": "advance-r5", "task": "", "session_id": "", "status": "complete", "substrate": "workflow", "phase_label": "P7 · Advance", "reply_chars": 2182}
{"timestamp": "2026-10-05T18:45:11.655122+00:00", "role": "advance-verify-r5", "task": "", "session_id": "", "status": "complete", "substrate": "workflow", "phase_label": "P7 · Advance", "reply_chars": 15}
{"timestamp": "2026-10-06T11:34:38.961593+00:00", "role": "resolve-repo", "task": "", "session_id": "", "status": "complete", "substrate": "workflow", "phase_label": "", "reply_chars": 38}
{"timestamp": "2026-10-06T11:34:45.693425+00:00", "role": "phase-cursor", "task": "", "session_id": "", "status": "complete", "substrate": "workflow", "phase_label": "Phase Cursor", "reply_chars": 15}
{"timestamp": "2026-10-06T11:35:25.814500+00:00", "role": "preflight-probe", "task": "You are an unattended environment probe in a headless pipeline. There is NO human: never ask for permission or confirmation.\nRun these THREE commands via the Bash tool, in order, and paste each comman", "session_id": "741befbe-6676-42bf-859e-5941bb18f245", "status": "complete", "substrate": "python", "phase": 7, "fr_id": null, "regression_flags": {}, "error_output": "1. `python3 -m pytest --version`\n```\npytest 8.4.2\n```\n\n2. `git -C /Users/johnny/projects/taskq-open commit -m 'preflight-probe' --dry-run` (exit code 1)\n```\nOn branch main\nYour branch is up to date with 'origin/main'.\n\nChanges not staged for commit:\n  (use \"git add <file>...\" to update what will be committed)\n  (use \"git restore <file>...\" to discard changes in working directory)\n\tmodified:   .methodology/workflow_blocks.jsonl\n\nno changes added to commit (use \"git add\" and/or \"git commit -a\")\n``", "exit_code": null, "duration_seconds": 6.065, "dispatch_attempt": 1, "total_cost_usd": 0.057528, "num_turns": 4, "duration_api_ms": 4434, "usage": {"input_tokens": 4, "output_tokens": 578, "cache_read_input_tokens": 11780, "cache_creation_input_tokens": 12346}}
{"timestamp": "2026-10-06T11:35:25.815297+00:00", "role": "preflight-probe", "task": "substrate preflight probe", "session_id": "", "status": "PREFLIGHT_OK", "substrate": "python", "phase": 7, "fr_id": null, "regression_flags": {}, "error_output": "pytest_ok=True git_ok=True canary_ok=True permission_mode=bypassPermissions setting_sources='' | mmitted)\n  (use \"git restore <file>...\" to discard changes in working directory)\n\tmodified:   .methodology/workflow_blocks.jsonl\n\nno changes added to commit (use \"git add\" and/or \"git commit -a\")\n```\n\n3. `python3 -c 'print(\"PREFLIGHT_SUBSTRATE_\" + \"CANARY_OK\")'`\n```\nPREFLIGHT_SUBSTRATE_CANARY_OK\n```", "exit_code": null}
{"timestamp": "2026-10-06T11:35:37.603764+00:00", "role": "preflight", "task": "", "session_id": "", "status": "complete", "substrate": "workflow", "phase_label": "P7 · Entry & Preflight", "reply_chars": 15}
{"timestamp": "2026-10-06T11:35:59.245753+00:00", "role": "env-check", "task": "", "session_id": "", "status": "complete", "substrate": "workflow", "phase_label": "P7 · Env Check", "reply_chars": 15}
{"timestamp": "2026-10-06T11:36:06.768523+00:00", "role": "load-ctx-a1", "task": "", "session_id": "", "status": "complete", "substrate": "workflow", "phase_label": "P7 · Load FRs", "reply_chars": 15}
{"timestamp": "2026-10-06T11:37:21.940697+00:00", "role": "delta-fastpath", "task": "", "session_id": "", "status": "complete", "substrate": "workflow", "phase_label": "P7 · Per-FR Delta", "reply_chars": 15}
{"timestamp": "2026-10-06T11:39:25.657233+00:00", "role": "tool:amend-sab", "task": "amend-sab for taskq-open (deterministic tool)", "session_id": "", "status": "COMPLETED", "substrate": "python", "step": "AMEND-SAB", "tool_kind": "amend-sab", "outcome": "completed", "rc": 0, "src_dir": "03-development/src", "dry_run": false, "strict": false}
{"timestamp": "2026-10-06T11:40:18.591364+00:00", "role": "orch-post", "task": "", "session_id": "", "status": "complete", "substrate": "workflow", "phase_label": "P7 · Per-FR Delta", "reply_chars": 943}
{"timestamp": "2026-10-06T11:40:44.291543+00:00", "role": "artifacts-commit", "task": "", "session_id": "", "status": "complete", "substrate": "workflow", "phase_label": "P7 · Artifacts Commit", "reply_chars": 1039}
{"timestamp": "2026-10-06T11:44:48.058474+00:00", "role": "milestone-p7", "task": "", "session_id": "", "status": "complete", "substrate": "workflow", "phase_label": "P7 · Milestone", "reply_chars": 15}
{"timestamp": "2026-10-06T11:45:16.036488+00:00", "role": "preview-next-phase-r1", "task": "", "session_id": "", "status": "complete", "substrate": "workflow", "phase_label": "P7 · Preview Next-Phase", "reply_chars": 15}
{"timestamp": "2026-10-06T11:46:18.875742+00:00", "role": "preflight-probe", "task": "You are an unattended environment probe in a headless pipeline. There is NO human: never ask for permission or confirmation.\nRun these THREE commands via the Bash tool, in order, and paste each comman", "session_id": "c3de71aa-4908-4d65-9b53-64b3eb8dd08b", "status": "complete", "substrate": "python", "phase": 8, "fr_id": null, "regression_flags": {}, "error_output": "1. `python3 -m pytest --version`\n```\npytest 8.4.2\n```\n\n2. `git -C /Users/johnny/projects/taskq-open commit -m 'preflight-probe' --dry-run` (exit code 1)\n```\nOn branch main\nYour branch is ahead of 'origin/main' by 2 commits.\n  (use \"git push\" to publish your local commits)\n\nnothing to commit, working tree clean\n```\n\n3. `python3 -c 'print(\"PREFLIGHT_SUBSTRATE_\" + \"CANARY_OK\")'`\n```\nPREFLIGHT_SUBSTRATE_CANARY_OK\n```", "exit_code": null, "duration_seconds": 6.056, "dispatch_attempt": 1, "total_cost_usd": 0.0185094, "num_turns": 4, "duration_api_ms": 3805, "usage": {"input_tokens": 4, "output_tokens": 433, "cache_read_input_tokens": 21417, "cache_creation_input_tokens": 2472}}
{"timestamp": "2026-10-06T11:46:18.876457+00:00", "role": "preflight-probe", "task": "substrate preflight probe", "session_id": "", "status": "PREFLIGHT_OK", "substrate": "python", "phase": 8, "fr_id": null, "regression_flags": {}, "error_output": "pytest_ok=True git_ok=True canary_ok=True permission_mode=bypassPermissions setting_sources='' | ight-probe' --dry-run` (exit code 1)\n```\nOn branch main\nYour branch is ahead of 'origin/main' by 2 commits.\n  (use \"git push\" to publish your local commits)\n\nnothing to commit, working tree clean\n```\n\n3. `python3 -c 'print(\"PREFLIGHT_SUBSTRATE_\" + \"CANARY_OK\")'`\n```\nPREFLIGHT_SUBSTRATE_CANARY_OK\n```", "exit_code": null}
{"timestamp": "2026-10-06T11:46:30.583714+00:00", "role": "advance-r1", "task": "", "session_id": "", "status": "complete", "substrate": "workflow", "phase_label": "P7 · Advance", "reply_chars": 391}
{"timestamp": "2026-10-06T11:46:37.982365+00:00", "role": "advance-verify-r1", "task": "", "session_id": "", "status": "complete", "substrate": "workflow", "phase_label": "P7 · Advance", "reply_chars": 15}
{"timestamp": "2026-10-06T11:47:27.215079+00:00", "role": "preflight", "task": "", "session_id": "", "status": "complete", "substrate": "workflow", "phase_label": "P8 · Entry & Preflight", "reply_chars": 15}
{"timestamp": "2026-10-06T11:47:52.214117+00:00", "role": "env-check", "task": "", "session_id": "", "status": "complete", "substrate": "workflow", "phase_label": "P8 · Env Check", "reply_chars": 15}
{"timestamp": "2026-10-06T11:48:01.932437+00:00", "role": "load-ctx-a1", "task": "", "session_id": "", "status": "complete", "substrate": "workflow", "phase_label": "P8 · Load FRs", "reply_chars": 15}
{"timestamp": "2026-10-06T11:48:08.753785+00:00", "role": "ctx-regen-1", "task": "", "session_id": "", "status": "complete", "substrate": "workflow", "phase_label": "P8 · Load FRs", "reply_chars": 13}
{"timestamp": "2026-10-06T11:48:15.787665+00:00", "role": "load-ctx-a2", "task": "", "session_id": "", "status": "complete", "substrate": "workflow", "phase_label": "P8 · Load FRs", "reply_chars": 15}
{"timestamp": "2026-10-06T11:49:54.181108+00:00", "role": "developer", "task": "You are a Gate 1 evaluator. Your task: run Gate 1 evaluation for FR-01.\n\n[FR REQUIREMENTS — what FR-01 was supposed to deliver]\n### FR-01: 任務資源 CRUD API\n\nCitation: SPEC L79-91.\n\n| Method | Path | scop", "session_id": "24e7830e-e613-41c5-8cdb-4f9262fb45d9", "status": "complete", "substrate": "python", "phase": 8, "fr_id": "FR-01", "regression_flags": {}, "error_output": "```json\n{\"status\": \"DONE\", \"gate_score\": 100.0, \"pass\": true, \"failing_dims\": [], \"commit\": \"866f6f1\", \"summary\": \"FR-01 Gate 1 passed, all dims 100\"}\n```\n\nAll four dimensions scored 100. FR-01's 29 tests passed, and the 16 required test functions are all present.\n\n- **Linting:** ruff reported \"All checks passed!\".\n- **Type safety:** pyright found 0 errors in 47 files.\n- **Test coverage:** FR-01's five source files have 100% statement coverage (157 of 157).\n- **Architecture:** all 3 import-linte", "exit_code": null, "duration_seconds": 94.397, "dispatch_attempt": 1, "total_cost_usd": 0.0953914, "num_turns": 6, "duration_api_ms": 19431, "usage": {"input_tokens": 12, "output_tokens": 2564, "cache_read_input_tokens": 101777, "cache_creation_input_tokens": 12343}}
{"timestamp": "2026-10-06T11:52:09.955146+00:00", "role": "developer", "task": "You are a Gate 1 evaluator. Your task: run Gate 1 evaluation for FR-02.\n\n[FR REQUIREMENTS — what FR-02 was supposed to deliver]\n### FR-02: 任務執行端點\n\nCitation: SPEC L93-99.\n\n**Acceptance criteria (FR-02)", "session_id": "7701cd39-9a12-4ef8-8720-4e44c48a3775", "status": "complete", "substrate": "python", "phase": 8, "fr_id": "FR-02", "regression_flags": {}, "error_output": "Gate 1 for FR-02 passed with a score of 100.0 after two BLOCKED runs, and finalize-gate committed it as aa46c00. Each BLOCK was my evidence being rejected, not a code problem.\n\n- **First BLOCK:** I had paraphrased the pyright output in `tool_evidence`. I replaced it with the verbatim tool output.\n- **Second BLOCK:** the pytest output had no coverage measurement. I attached the `coverage report` table with its TOTAL row, which showed 142/142 statements, 100%.\n\nThe tool results were:\n- **Linting:*", "exit_code": null, "duration_seconds": 101.022, "dispatch_attempt": 1, "total_cost_usd": 0.09264199999999999, "num_turns": 6, "duration_api_ms": 19739, "usage": {"input_tokens": 12, "output_tokens": 2556, "cache_read_input_tokens": 99730, "cache_creation_input_tokens": 11778}}
{"timestamp": "2026-10-06T11:54:01.228993+00:00", "role": "developer", "task": "You are a Gate 1 evaluator. Your task: run Gate 1 evaluation for FR-03.\n\n[FR REQUIREMENTS — what FR-03 was supposed to deliver]\n### FR-03: API Key 認證\n\nCitation: SPEC L101-107.\n\n**Acceptance criteria (", "session_id": "c69854ba-cb7b-47e1-ade2-8c6fdf6f12c4", "status": "complete", "substrate": "python", "phase": 8, "fr_id": "FR-03", "regression_flags": {}, "error_output": "```json\n{\"status\": \"DONE\", \"gate_score\": 99.01, \"pass\": true, \"failing_dims\": [], \"commit\": \"9c83678\", \"summary\": \"FR-03 Gate1 passed; coverage 96%\"}\n```\n\nGate 1 passed on the second `finalize-gate` run. The first run blocked because my `type_safety` evidence was a paraphrase, not raw pyright output. I replaced it with the real tool output, and the gate then passed.\n\n- **Linting:** `ruff check` passed (100).\n- **Type safety:** pyright reported 0 errors (100).\n- **Architecture:** `lint-imports` k", "exit_code": null, "duration_seconds": 76.341, "dispatch_attempt": 1, "total_cost_usd": 0.0798594, "num_turns": 5, "duration_api_ms": 16405, "usage": {"input_tokens": 10, "output_tokens": 2111, "cache_read_input_tokens": 79007, "cache_creation_input_tokens": 10732}}
{"timestamp": "2026-10-06T11:55:54.690040+00:00", "role": "developer", "task": "You are a Gate 1 evaluator. Your task: run Gate 1 evaluation for FR-04.\n\n[FR REQUIREMENTS — what FR-04 was supposed to deliver]\n### FR-04: Scope 授權\n\nCitation: SPEC L109-113.\n\n**Acceptance criteria (FR", "session_id": "baf34521-62dc-46aa-b36f-cf1f61155595", "status": "complete", "substrate": "python", "phase": 8, "fr_id": "FR-04", "regression_flags": {}, "error_output": "{\"status\": \"DONE\", \"gate_score\": 100.0, \"pass\": true, \"failing_dims\": [], \"commit\": \"7cafab6\", \"summary\": \"FR-04 Gate1 PASS, all dims 100\"}\n\nThe first finalize-gate attempt was BLOCKED because my `type_safety` evidence was a paraphrase rather than raw pyright output. I replaced it with the actual pyright JSON and re-ran, and it passed.", "exit_code": null, "duration_seconds": 73.584, "dispatch_attempt": 1, "total_cost_usd": 0.0724316, "num_turns": 5, "duration_api_ms": 13043, "usage": {"input_tokens": 10, "output_tokens": 1725, "cache_read_input_tokens": 77348, "cache_creation_input_tokens": 9923}}
{"timestamp": "2026-10-06T11:58:20.028021+00:00", "role": "developer", "task": "You are a Gate 1 evaluator. Your task: run Gate 1 evaluation for FR-05.\n\n[FR REQUIREMENTS — what FR-05 was supposed to deliver]\n### FR-05: 流量控制\n\nCitation: SPEC L115-120.\n\n**Acceptance criteria (FR-05)", "session_id": "08608ce7-1258-46ef-a587-3c45e100a019", "status": "complete", "substrate": "python", "phase": 8, "fr_id": "FR-05", "regression_flags": {}, "error_output": "Gate 1 for FR-05 passed with a score of 99.5, and finalize-gate committed it as d210120.\n\n```json\n{\"status\": \"DONE\", \"gate_score\": 99.5, \"pass\": true, \"failing_dims\": [], \"commit\": \"d210120\", \"summary\": \"FR-05 Gate1 PASS 99.5\"}\n```\n\n- **Linting and type safety:** ruff passed and pyright reported 0 errors, so both score 100.\n- **Tests:** all 9 FR-05 tests passed, and all 7 required tests exist. Coverage of `ratelimit.py` and `rate_buckets.py` is 98.08% (51 of 52 statements), so test coverage scor", "exit_code": null, "duration_seconds": 95.33, "dispatch_attempt": 1, "total_cost_usd": 0.08823860000000001, "num_turns": 6, "duration_api_ms": 35204, "usage": {"input_tokens": 12, "output_tokens": 2498, "cache_read_input_tokens": 96653, "cache_creation_input_tokens": 10976}}
{"timestamp": "2026-10-06T12:00:11.277722+00:00", "role": "developer", "task": "You are a Gate 1 evaluator. Your task: run Gate 1 evaluation for FR-06.\n\n[FR REQUIREMENTS — what FR-06 was supposed to deliver]\n### FR-06: 持久化層與交易邊界\n\nCitation: SPEC L122-128.\n\n**Acceptance criteria (F", "session_id": "2bbf977c-3efb-48cb-958b-b47286c3ddb3", "status": "complete", "substrate": "python", "phase": 8, "fr_id": "FR-06", "regression_flags": {}, "error_output": "{\"status\": \"DONE\", \"gate_score\": 100.0, \"pass\": true, \"failing_dims\": [], \"commit\": \"1dee825\", \"summary\": \"FR-06 Gate1 PASS 100.0\"}\n\nThe first finalize-gate attempt was BLOCKED because my pyright `tool_evidence` was a paraphrase. I replaced it with the first 500 characters of the real pyright output, and the second run passed.\n\nAll four dimensions scored 100:\n- **Linting:** ruff reported all checks passed.\n- **Type safety:** pyright reported 0 errors and 0 warnings.\n- **Test coverage:** all 9 te", "exit_code": null, "duration_seconds": 75.054, "dispatch_attempt": 1, "total_cost_usd": 0.0745794, "num_turns": 5, "duration_api_ms": 15170, "usage": {"input_tokens": 10, "output_tokens": 1859, "cache_read_input_tokens": 78187, "cache_creation_input_tokens": 10083}}
{"timestamp": "2026-10-06T12:02:08.803122+00:00", "role": "developer", "task": "You are a Gate 1 evaluator. Your task: run Gate 1 evaluation for FR-07.\n\n[FR REQUIREMENTS — what FR-07 was supposed to deliver]\n### FR-07: Schema Migration(Alembic 三步演進)\n\nCitation: SPEC L130-143.\n\n| r", "session_id": "572b80d4-3ea8-4f0f-8018-9b43a6379fa8", "status": "complete", "substrate": "python", "phase": 8, "fr_id": "FR-07", "regression_flags": {}, "error_output": "{\"status\": \"DONE\", \"gate_score\": 97.1, \"pass\": true, \"failing_dims\": [], \"commit\": \"ae14582\", \"summary\": \"Gate1 PASS; migration_state.py cov 77%\"}\n\nAll four dimensions ran. Linting, type safety (0 errors) and architecture (3 contracts kept) scored 100. Test coverage scored 88.3: all 8 required tests pass, but `migration_state.py` is only 77.4% covered (lines 75-79, 84, 92-98 missed). I wrote `quality_complete` as false because coverage is under its 100 threshold. finalize-gate still reported PAS", "exit_code": null, "duration_seconds": 82.499, "dispatch_attempt": 1, "total_cost_usd": 0.0970632, "num_turns": 8, "duration_api_ms": 21139, "usage": {"input_tokens": 14, "output_tokens": 2578, "cache_read_input_tokens": 118356, "cache_creation_input_tokens": 11896}}
{"timestamp": "2026-10-06T12:04:04.719439+00:00", "role": "developer", "task": "You are a Gate 1 evaluator. Your task: run Gate 1 evaluation for FR-08.\n\n[FR REQUIREMENTS — what FR-08 was supposed to deliver]\n### FR-08: 非同步執行器\n\nCitation: SPEC L145-150.\n\n**Acceptance criteria (FR-0", "session_id": "94e4e04f-0bf7-4da4-b3c1-acca74c0da46", "status": "complete", "substrate": "python", "phase": 8, "fr_id": "FR-08", "regression_flags": {}, "error_output": "{\"status\": \"DONE\", \"gate_score\": 99.7, \"pass\": true, \"failing_dims\": [], \"commit\": \"e9d28a2\", \"summary\": \"FR-08 Gate1 PASS, 99.7 (cov 98.9%)\"}", "exit_code": null, "duration_seconds": 76.813, "dispatch_attempt": 1, "total_cost_usd": 0.0722348, "num_turns": 5, "duration_api_ms": 12804, "usage": {"input_tokens": 10, "output_tokens": 1656, "cache_read_input_tokens": 78174, "cache_creation_input_tokens": 10005}}
{"timestamp": "2026-10-06T12:05:50.293374+00:00", "role": "developer", "task": "You are a Gate 1 evaluator. Your task: run Gate 1 evaluation for FR-09.\n\n[FR REQUIREMENTS — what FR-09 was supposed to deliver]\n### FR-09: 健康檢查與可觀測性\n\nCitation: SPEC L152-160.\n\n| Endpoint | Auth | Beha", "session_id": "f7701282-8797-4e13-b96c-1a30081a3ff1", "status": "complete", "substrate": "python", "phase": 8, "fr_id": "FR-09", "regression_flags": {}, "error_output": "{\"status\": \"DONE\", \"gate_score\": 100.0, \"pass\": true, \"failing_dims\": [], \"commit\": \"c2aaefb\", \"summary\": \"FR-09 Gate1 PASS, all dims 100\"}\n\nThe first finalize-gate run was BLOCKED because I had put a one-line summary in the `type_safety` `tool_evidence`. I replaced it with the raw pyright output and the second run passed.\n\nAll six required FR-09 tests exist and pass, along with one extra test. Coverage of the four FR-09 source files is 83/83 statements, and I found no gap between the requiremen", "exit_code": null, "duration_seconds": 71.209, "dispatch_attempt": 1, "total_cost_usd": 0.0758438, "num_turns": 5, "duration_api_ms": 13045, "usage": {"input_tokens": 10, "output_tokens": 1704, "cache_read_input_tokens": 78919, "cache_creation_input_tokens": 10750}}
{"timestamp": "2026-10-06T12:07:40.213983+00:00", "role": "developer", "task": "You are a Gate 1 evaluator. Your task: run Gate 1 evaluation for FR-10.\n\n[FR REQUIREMENTS — what FR-10 was supposed to deliver]\n### FR-10: 錯誤契約(RFC 7807)\n\nCitation: SPEC L162-168, §7 L331-347.\n\n**Acce", "session_id": "6ea615b7-bff6-41b1-9dbc-ca0dc6473857", "status": "complete", "substrate": "python", "phase": 8, "fr_id": "FR-10", "regression_flags": {}, "error_output": "{\"status\": \"DONE\", \"gate_score\": 100.0, \"pass\": true, \"failing_dims\": [], \"commit\": \"0a4564e\", \"summary\": \"FR-10 Gate1 PASS 100.0\"}", "exit_code": null, "duration_seconds": 72.58, "dispatch_attempt": 1, "total_cost_usd": 0.140256, "num_turns": 5, "duration_api_ms": 12059, "usage": {"input_tokens": 10, "output_tokens": 1594, "cache_read_input_tokens": 135360, "cache_creation_input_tokens": 24306}}
{"timestamp": "2026-10-06T12:08:24.357400+00:00", "role": "delta-fastpath", "task": "", "session_id": "", "status": "complete", "substrate": "workflow", "phase_label": "P8 · Per-FR Delta", "reply_chars": 15}
{"timestamp": "2026-10-06T12:11:10.815466+00:00", "role": "tool:amend-sab", "task": "amend-sab for taskq-open (deterministic tool)", "session_id": "", "status": "COMPLETED", "substrate": "python", "step": "AMEND-SAB", "tool_kind": "amend-sab", "outcome": "completed", "rc": 0, "src_dir": "03-development/src", "dry_run": false, "strict": false}
{"timestamp": "2026-10-06T12:11:19.835261+00:00", "role": "orch-post", "task": "", "session_id": "", "status": "complete", "substrate": "workflow", "phase_label": "P8 · Per-FR Delta", "reply_chars": 939}
{"timestamp": "2026-10-06T12:12:09.139091+00:00", "role": "artifacts-commit", "task": "", "session_id": "", "status": "complete", "substrate": "workflow", "phase_label": "P8 · Artifacts Commit", "reply_chars": 988}
